NU_IDADE,TP_SEXO,TP_COR_RACA,TP_ESCOLA,TP_DEPENDENCIA_ADM_ESC,NU_NOTA_MT,NU_NOTA_REDACAO,Q006
23,F,Amarela,Pública,Federal,590.9,570.7,G
20,M,Preta,Privada,Federal,652.6,676.3,F
21,M,Amarela,Pública,Municipal,257.6,597.2,J
23,M,Parda,Privada,Estadual,462.2,372.3,G
19,M,Parda,Pública,Privada,530.3,641.4,B
24,F,Branca,Privada,Federal,520.3,335.7,M
21,M,Indígena,Privada,Municipal,690.0,467.4,L
21,F,Amarela,Privada,Estadual,298.9,545.4,D
23,F,Branca,Pública,Federal,241.1,535.0,B
18,F,Indígena,Pública,Estadual,706.2,352.9,H
19,F,Amarela,Privada,Estadual,575.3,805.7,G
23,F,Preta,Pública,Federal,442.9,847.2,A
19,M,Amarela,Privada,Federal,517.2,937.6,B
19,M,Parda,Pública,Federal,524.3,772.1,B
24,M,Parda,Pública,Estadual,440.4,540.7,D
21,M,Preta,Privada,Estadual,514.2,538.1,C
20,F,Branca,Pública,Municipal,535.5,529.8,A
24,M,Indígena,Pública,Privada,701.6,897.8,L
24,F,Amarela,Pública,Estadual,596.3,582.7,B
19,M,Parda,Pública,Privada,673.9,790.4,K
22,F,Branca,Privada,Federal,365.6,778.7,I
21,F,Preta,Pública,Estadual,465.3,628.4,M
18,M,Parda,Privada,Municipal,524.2,382.3,A
24,F,Preta,Privada,Municipal,307.9,585.9,I
20,F,Amarela,Pública,Privada,618.2,622.0,G
22,M,Indígena,Privada,Federal,564.2,791.7,B
22,F,Parda,Pública,Privada,463.3,602.9,B
18,M,Parda,Pública,Federal,481.7,418.7,E
24,M,Amarela,Privada,Municipal,625.4,748.2,M
20,M,Branca,Pública,Privada,420.5,565.9,E
21,F,Indígena,Pública,Municipal,629.4,218.2,D
17,F,Parda,Pública,Municipal,474.8,648.7,L
20,F,Indígena,Pública,Federal,575.6,675.1,J
18,M,Parda,Pública,Privada,508.7,473.6,J
22,F,Indígena,Privada,Privada,723.3,571.2,M
21,M,Preta,Pública,Municipal,411.3,698.7,L
20,M,Parda,Pública,Municipal,442.7,649.8,C
17,F,Indígena,Pública,Federal,349.4,365.6,D
17,M,Branca,Pública,Estadual,390.3,788.0,J
19,F,Preta,Pública,Estadual,571.3,855.9,D
19,F,Preta,Pública,Municipal,660.0,523.5,B
23,F,Branca,Pública,Estadual,582.6,313.5,E
18,F,Indígena,Pública,Estadual,499.5,715.7,E
24,F,Amarela,Pública,Estadual,410.6,499.0,E
20,M,Branca,Pública,Estadual,589.8,680.3,K
20,M,Indígena,Privada,Municipal,405.1,930.3,K
24,M,Branca,Privada,Estadual,365.1,368.1,J
23,F,Branca,Pública,Estadual,469.2,480.5,A
22,F,Parda,Privada,Federal,296.6,570.8,F
22,F,Indígena,Privada,Municipal,361.9,793.8,K
23,M,Amarela,Pública,Privada,688.6,1000.0,B
22,F,Parda,Pública,Privada,343.3,637.1,G
19,M,Branca,Privada,Federal,381.2,355.2,D
20,M,Branca,Privada,Federal,507.2,548.2,E
23,F,Branca,Pública,Municipal,512.4,483.8,E
20,F,Indígena,Privada,Privada,476.5,708.2,E
24,M,Indígena,Pública,Estadual,299.7,656.5,B
17,F,Parda,Privada,Federal,584.8,443.7,E
19,M,Amarela,Privada,Privada,455.7,475.0,C
21,F,Parda,Pública,Municipal,622.0,546.0,D
19,F,Preta,Privada,Estadual,435.5,564.1,M
23,M,Branca,Pública,Municipal,598.2,593.7,B
21,F,Branca,Pública,Federal,629.6,607.3,D
17,M,Branca,Privada,Privada,453.3,785.2,M
23,F,Parda,Pública,Privada,588.0,540.6,I
18,M,Parda,Pública,Privada,367.1,518.5,H
20,M,Branca,Pública,Privada,526.4,399.2,M
17,F,Parda,Pública,Estadual,622.2,566.4,K
20,M,Indígena,Pública,Estadual,551.8,638.4,L
22,F,Indígena,Privada,Municipal,740.6,341.4,C
18,F,Parda,Pública,Estadual,557.4,548.6,A
18,F,Branca,Pública,Federal,463.5,774.0,A
17,M,Parda,Pública,Federal,784.1,697.2,F
18,M,Parda,Privada,Privada,663.4,656.0,C
21,F,Parda,Privada,Federal,339.7,693.2,D
18,F,Preta,Privada,Municipal,421.6,513.9,A
20,M,Indígena,Privada,Estadual,396.2,494.0,H
20,F,Amarela,Privada,Estadual,564.6,790.8,A
23,F,Amarela,Pública,Estadual,557.1,724.3,E
20,M,Preta,Pública,Federal,556.3,488.1,F
23,F,Parda,Pública,Estadual,337.0,318.2,B
20,M,Preta,Privada,Privada,436.2,491.2,G
21,F,Preta,Privada,Privada,485.1,681.5,G
24,M,Branca,Pública,Privada,317.8,501.3,A
23,F,Indígena,Privada,Federal,412.8,649.5,D
19,F,Amarela,Pública,Estadual,635.6,813.0,L
22,M,Parda,Pública,Federal,344.6,586.0,M
17,F,Amarela,Pública,Estadual,645.5,635.1,D
20,M,Amarela,Pública,Municipal,609.1,702.7,E
18,F,Indígena,Pública,Municipal,470.9,437.7,A
24,M,Amarela,Pública,Federal,435.1,484.0,A
20,M,Amarela,Pública,Privada,583.2,708.9,G
18,M,Preta,Pública,Federal,421.2,605.5,I
22,M,Indígena,Privada,Privada,426.2,618.3,A
22,F,Branca,Privada,Estadual,497.6,605.0,B
22,F,Parda,Privada,Privada,287.0,746.7,F
18,M,Amarela,Pública,Privada,355.0,665.4,F
20,M,Parda,Pública,Estadual,468.4,667.3,B
22,M,Branca,Privada,Municipal,547.6,783.3,I
21,F,Parda,Pública,Estadual,419.8,841.0,D
23,F,Branca,Pública,Federal,480.2,936.5,M
18,F,Preta,Pública,Federal,338.7,513.1,G
18,F,Amarela,Pública,Federal,593.2,970.4,F
20,M,Branca,Pública,Federal,522.0,435.5,K
18,M,Parda,Pública,Federal,530.9,890.3,M
18,M,Amarela,Pública,Municipal,548.8,504.9,K
22,F,Preta,Pública,Municipal,507.8,589.7,C
20,F,Amarela,Pública,Privada,451.6,602.8,H
22,F,Branca,Pública,Federal,613.0,470.0,G
23,M,Preta,Pública,Estadual,515.7,613.0,I
24,M,Parda,Pública,Federal,483.4,477.7,C
23,F,Preta,Pública,Municipal,499.1,414.8,A
24,M,Preta,Pública,Federal,497.0,594.2,B
22,F,Indígena,Pública,Municipal,482.4,838.5,L
23,F,Preta,Pública,Privada,544.6,561.9,K
20,M,Preta,Pública,Privada,406.4,741.2,L
17,F,Amarela,Privada,Privada,413.7,473.2,A
22,M,Parda,Pública,Municipal,555.9,407.5,K
24,F,Amarela,Pública,Federal,485.5,668.1,E
21,M,Amarela,Pública,Federal,597.1,863.3,J
24,M,Branca,Pública,Estadual,540.9,631.3,B
21,M,Amarela,Pública,Municipal,444.7,724.0,C
18,F,Indígena,Pública,Estadual,557.5,824.3,H
23,F,Indígena,Privada,Privada,619.7,594.5,J
21,M,Branca,Pública,Federal,544.7,577.2,E
24,M,Parda,Pública,Municipal,566.6,670.8,D
18,F,Parda,Pública,Estadual,482.8,697.5,E
17,F,Amarela,Privada,Estadual,599.3,390.2,J
20,F,Amarela,Pública,Estadual,441.9,644.4,F
20,M,Amarela,Privada,Federal,533.9,599.9,L
20,F,Parda,Pública,Federal,757.0,481.6,G
21,F,Preta,Privada,Federal,553.9,589.5,M
17,M,Indígena,Privada,Municipal,457.9,425.2,I
21,F,Preta,Pública,Federal,457.7,373.4,A
23,F,Preta,Pública,Municipal,492.9,610.0,D
21,F,Parda,Pública,Estadual,585.1,735.3,L
17,M,Preta,Pública,Estadual,514.6,547.9,L
17,M,Branca,Privada,Privada,435.1,455.9,I
23,M,Amarela,Pública,Federal,435.0,479.2,E
17,M,Branca,Pública,Estadual,515.2,682.3,H
24,M,Indígena,Pública,Federal,504.2,850.1,L
17,M,Amarela,Privada,Municipal,545.5,715.6,A
20,M,Preta,Pública,Estadual,591.7,795.1,D
24,F,Indígena,Pública,Federal,772.7,442.9,L
24,F,Amarela,Pública,Estadual,353.8,588.9,L
23,M,Preta,Privada,Estadual,568.7,752.8,I
19,F,Branca,Pública,Federal,509.8,390.1,M
19,F,Amarela,Pública,Estadual,315.5,501.2,A
17,M,Preta,Pública,Estadual,625.0,741.3,A
24,F,Branca,Pública,Estadual,542.1,638.8,D
19,F,Indígena,Pública,Estadual,580.0,455.2,C
19,F,Indígena,Privada,Municipal,330.1,355.4,G
17,F,Indígena,Privada,Estadual,478.0,800.6,K
19,F,Indígena,Pública,Privada,392.1,292.0,C
21,M,Parda,Privada,Estadual,716.3,694.9,A
18,M,Amarela,Pública,Federal,614.5,520.0,L
23,M,Amarela,Privada,Privada,431.9,757.1,K
18,F,Parda,Privada,Municipal,346.3,443.7,J
17,M,Preta,Pública,Privada,519.4,992.2,B
20,F,Preta,Privada,Privada,609.2,660.3,J
23,F,Indígena,Pública,Privada,326.5,685.1,M
17,F,Branca,Pública,Federal,406.8,484.0,D
24,F,Preta,Pública,Federal,389.4,580.0,A
20,M,Branca,Pública,Federal,586.7,583.9,A
18,M,Amarela,Privada,Municipal,463.0,869.4,L
17,F,Branca,Privada,Federal,467.2,660.1,H
24,M,Amarela,Pública,Federal,517.5,681.6,G
23,F,Parda,Privada,Privada,412.2,679.9,H
23,M,Parda,Privada,Federal,355.6,694.3,M
22,M,Indígena,Pública,Estadual,637.0,391.6,D
24,F,Preta,Pública,Federal,646.2,907.4,F
21,M,Indígena,Pública,Municipal,518.0,468.4,M
19,F,Amarela,Pública,Municipal,525.2,594.2,C
20,M,Indígena,Privada,Estadual,626.1,829.7,K
24,F,Branca,Pública,Municipal,515.7,890.2,M
22,F,Amarela,Privada,Municipal,458.1,720.9,H
19,M,Parda,Pública,Privada,503.9,524.3,D
19,M,Preta,Pública,Estadual,639.3,619.2,C
17,F,Amarela,Pública,Privada,505.3,625.0,D
19,M,Amarela,Pública,Privada,433.1,630.4,F
21,M,Branca,Pública,Federal,514.7,415.5,K
23,F,Preta,Pública,Estadual,565.6,789.0,G
22,F,Parda,Pública,Federal,553.6,620.2,G
19,M,Amarela,Pública,Federal,555.3,491.7,L
17,F,Amarela,Pública,Privada,417.3,525.2,D
21,F,Branca,Privada,Municipal,577.0,640.5,H
18,F,Indígena,Pública,Estadual,502.8,389.6,G
23,M,Parda,Pública,Municipal,428.8,731.8,B
23,M,Preta,Pública,Privada,576.2,635.2,M
22,F,Amarela,Pública,Privada,454.6,834.9,H
23,M,Amarela,Privada,Privada,342.6,611.6,I
19,F,Parda,Pública,Privada,399.9,437.2,E
17,M,Indígena,Pública,Privada,481.8,420.3,D
23,F,Amarela,Privada,Privada,557.8,541.4,D
23,F,Parda,Pública,Municipal,413.6,557.3,M
18,M,Branca,Pública,Federal,475.9,514.9,D
18,F,Indígena,Pública,Municipal,378.3,619.3,F
20,M,Preta,Pública,Estadual,598.2,511.1,K
21,M,Amarela,Pública,Municipal,671.7,638.1,D
19,F,Parda,Pública,Privada,660.9,521.9,G
23,F,Branca,Privada,Municipal,596.5,694.8,G
24,M,Preta,Privada,Federal,586.3,553.5,E
23,F,Parda,Pública,Estadual,292.8,786.9,M
17,F,Parda,Pública,Municipal,517.7,697.8,E
20,F,Preta,Privada,Federal,450.4,629.0,J
21,F,Branca,Pública,Municipal,588.0,568.8,H
24,F,Branca,Privada,Estadual,246.2,372.1,G
20,M,Indígena,Privada,Municipal,519.3,812.0,G
22,M,Amarela,Privada,Privada,478.6,497.9,F
21,F,Preta,Pública,Municipal,611.8,613.6,G
23,F,Preta,Pública,Federal,654.8,651.6,G
23,F,Preta,Pública,Municipal,407.1,572.5,J
21,M,Branca,Privada,Federal,411.6,803.2,B
23,F,Amarela,Pública,Estadual,523.0,416.8,J
19,M,Indígena,Privada,Municipal,673.4,860.1,B
21,M,Parda,Pública,Estadual,506.0,700.7,J
20,M,Parda,Pública,Estadual,372.1,563.0,G
21,F,Preta,Pública,Municipal,439.4,564.7,J
24,M,Amarela,Pública,Federal,520.3,267.5,G
23,F,Branca,Pública,Estadual,524.0,472.8,G
19,M,Amarela,Pública,Estadual,429.6,546.9,E
19,F,Amarela,Privada,Municipal,437.4,626.4,A
22,M,Branca,Pública,Municipal,401.8,788.9,B
20,F,Preta,Pública,Municipal,614.1,905.6,M
18,M,Amarela,Pública,Municipal,416.5,640.8,I
18,F,Parda,Privada,Municipal,453.5,630.8,H
21,F,Branca,Privada,Privada,450.7,526.4,H
22,F,Indígena,Pública,Municipal,339.4,342.7,J
17,F,Preta,Privada,Federal,413.7,509.1,A
21,M,Branca,Privada,Estadual,622.8,569.2,F
22,M,Indígena,Pública,Federal,379.1,746.3,I
20,F,Indígena,Pública,Federal,403.6,677.9,H
20,M,Amarela,Pública,Privada,366.7,633.2,C
20,F,Amarela,Pública,Municipal,490.9,512.9,D
20,F,Amarela,Privada,Estadual,688.5,302.7,C
20,M,Branca,Pública,Federal,486.7,311.7,F
22,F,Branca,Privada,Municipal,506.7,350.4,I
22,F,Preta,Pública,Municipal,420.5,556.2,H
19,M,Amarela,Pública,Privada,493.8,749.1,M
24,F,Indígena,Pública,Privada,622.9,745.1,J
18,F,Parda,Pública,Privada,514.3,719.1,D
23,F,Preta,Privada,Estadual,713.2,522.7,B
20,F,Branca,Privada,Federal,625.9,771.6,M
17,M,Preta,Pública,Privada,491.4,460.3,H
23,M,Preta,Pública,Privada,489.4,728.0,H
22,M,Preta,Pública,Privada,663.1,348.8,L
17,F,Preta,Pública,Federal,513.7,423.4,K
17,F,Parda,Pública,Federal,640.9,847.9,F
17,M,Amarela,Pública,Privada,700.3,569.4,H
19,F,Indígena,Pública,Privada,479.6,497.9,I
22,F,Preta,Privada,Municipal,535.2,765.4,M
17,F,Preta,Pública,Privada,598.0,782.6,A
20,F,Preta,Pública,Estadual,576.8,535.0,I
21,M,Amarela,Pública,Estadual,576.0,641.8,B
17,M,Branca,Pública,Privada,366.7,620.5,M
19,M,Branca,Pública,Federal,415.2,175.9,A
23,F,Parda,Privada,Municipal,450.5,390.6,H
22,M,Branca,Privada,Federal,621.4,741.3,H
24,M,Preta,Pública,Privada,376.5,475.1,K
19,F,Preta,Pública,Estadual,652.3,679.5,D
17,F,Preta,Pública,Municipal,578.0,639.5,H
22,M,Parda,Privada,Federal,615.4,782.3,G
21,M,Preta,Pública,Federal,407.0,395.4,M
17,M,Branca,Pública,Privada,507.2,659.1,B
19,M,Amarela,Pública,Municipal,529.9,590.2,E
18,F,Amarela,Pública,Estadual,525.5,481.5,J
20,M,Indígena,Pública,Privada,529.6,480.5,D
24,M,Branca,Privada,Municipal,472.3,634.1,C
23,F,Preta,Pública,Federal,513.5,694.5,A
19,M,Amarela,Pública,Privada,603.4,609.5,E
22,F,Branca,Pública,Federal,383.3,614.2,J
24,F,Amarela,Privada,Federal,654.7,525.2,H
24,F,Preta,Privada,Privada,598.2,535.2,L
24,M,Amarela,Pública,Privada,403.5,481.1,I
17,M,Indígena,Privada,Privada,538.4,522.2,G
20,F,Indígena,Pública,Privada,590.1,689.2,L
17,M,Amarela,Pública,Privada,376.5,706.0,K
22,M,Branca,Pública,Federal,504.2,408.6,A
17,F,Branca,Pública,Estadual,492.1,465.5,A
18,F,Branca,Pública,Estadual,435.4,493.4,A
20,M,Amarela,Pública,Privada,509.2,590.4,B
20,F,Branca,Pública,Federal,440.0,347.5,A
22,M,Preta,Privada,Estadual,637.4,468.2,D
23,M,Indígena,Pública,Estadual,437.3,392.2,J
18,M,Preta,Pública,Estadual,579.2,660.1,I
19,M,Branca,Pública,Federal,334.5,595.5,L
17,F,Preta,Privada,Privada,483.8,530.6,D
21,F,Branca,Pública,Privada,501.2,440.5,M
17,F,Amarela,Pública,Privada,480.6,532.9,D
24,F,Preta,Privada,Municipal,460.4,515.3,G
17,M,Amarela,Pública,Municipal,433.2,845.2,K
19,M,Amarela,Pública,Municipal,575.5,749.6,I
17,F,Parda,Privada,Federal,599.9,496.4,G
18,M,Branca,Pública,Estadual,491.8,624.8,A
18,M,Indígena,Pública,Estadual,390.3,741.6,A
20,M,Branca,Pública,Federal,679.4,496.3,D
22,F,Indígena,Pública,Federal,412.0,387.4,D
23,F,Branca,Pública,Privada,354.1,330.5,A
21,F,Amarela,Pública,Privada,298.7,790.8,F
24,M,Preta,Pública,Municipal,509.9,571.3,J
17,F,Preta,Pública,Municipal,478.3,643.7,B
17,F,Parda,Privada,Federal,603.1,513.9,K
19,F,Indígena,Pública,Municipal,561.1,409.8,E
22,F,Indígena,Pública,Estadual,529.0,437.8,H
18,F,Indígena,Privada,Federal,472.9,398.8,C
21,F,Amarela,Pública,Federal,611.0,727.5,I
20,M,Indígena,Pública,Estadual,686.7,823.9,G
18,M,Preta,Privada,Privada,600.9,605.6,I
24,F,Amarela,Pública,Privada,453.6,372.3,A
22,F,Branca,Pública,Estadual,578.2,674.5,E
24,M,Indígena,Privada,Estadual,459.8,789.7,L
23,M,Indígena,Pública,Municipal,389.5,745.8,M
20,F,Branca,Pública,Federal,410.1,595.6,C
23,F,Indígena,Pública,Municipal,464.2,564.8,D
19,F,Branca,Pública,Estadual,510.4,594.4,D
24,F,Amarela,Pública,Municipal,706.1,783.8,K
19,M,Preta,Privada,Estadual,411.8,714.1,L
17,F,Branca,Pública,Municipal,632.3,542.1,G
23,F,Parda,Privada,Municipal,468.3,538.4,J
22,F,Branca,Pública,Privada,298.4,527.7,K
24,F,Indígena,Privada,Estadual,449.4,440.3,H
21,M,Amarela,Privada,Municipal,617.7,802.8,K
20,M,Amarela,Pública,Federal,534.5,481.8,J
18,M,Branca,Pública,Municipal,540.4,673.5,E
22,F,Preta,Pública,Municipal,632.9,500.8,M
22,F,Parda,Pública,Federal,396.4,528.4,M
19,M,Amarela,Privada,Estadual,394.8,582.9,L
23,F,Indígena,Privada,Privada,273.6,681.8,J
24,F,Indígena,Pública,Privada,587.7,561.1,G
24,M,Preta,Pública,Privada,556.2,429.1,C
17,M,Amarela,Pública,Federal,572.4,602.9,C
17,M,Branca,Pública,Municipal,381.7,485.0,C
20,M,Indígena,Pública,Estadual,339.6,831.6,L
19,F,Preta,Privada,Municipal,368.0,561.0,D
22,F,Amarela,Privada,Privada,407.7,499.8,F
24,M,Amarela,Pública,Municipal,655.4,896.2,E
21,F,Amarela,Pública,Federal,600.0,710.8,H
19,M,Amarela,Pública,Federal,454.2,465.5,L
20,M,Amarela,Pública,Estadual,529.9,481.4,M
20,F,Indígena,Pública,Estadual,432.2,671.1,E
19,M,Preta,Pública,Privada,536.4,606.5,K
20,F,Amarela,Privada,Estadual,386.2,733.5,L
19,F,Parda,Pública,Municipal,575.0,500.6,E
18,F,Parda,Pública,Federal,415.0,705.2,J
19,F,Preta,Privada,Federal,580.6,264.3,B
23,M,Branca,Privada,Federal,457.3,576.8,L
19,F,Branca,Pública,Estadual,421.0,507.4,K
20,M,Branca,Pública,Federal,661.3,531.7,K
24,M,Parda,Pública,Federal,517.7,584.6,E
23,M,Branca,Privada,Federal,467.8,770.8,L
20,M,Indígena,Privada,Privada,575.8,426.9,G
17,F,Amarela,Pública,Privada,366.0,271.8,B
17,F,Parda,Pública,Estadual,610.7,444.3,M
24,M,Preta,Privada,Federal,486.1,753.4,F
24,M,Preta,Pública,Estadual,560.1,353.3,G
23,F,Amarela,Pública,Federal,345.2,514.2,E
18,M,Parda,Pública,Federal,461.8,725.9,I
24,F,Branca,Pública,Federal,500.5,591.2,D
17,M,Branca,Pública,Estadual,603.0,769.3,M
19,F,Indígena,Privada,Estadual,568.0,294.8,J
20,M,Indígena,Privada,Federal,460.8,551.8,A
17,M,Branca,Pública,Municipal,531.8,800.6,H
17,F,Preta,Pública,Estadual,625.7,431.0,H
18,M,Preta,Pública,Privada,480.0,755.2,G
23,M,Indígena,Pública,Estadual,469.1,564.6,H
23,F,Amarela,Pública,Federal,311.0,665.1,B
22,M,Branca,Privada,Municipal,472.1,789.7,C
18,F,Indígena,Pública,Federal,326.0,664.5,I
19,F,Indígena,Pública,Privada,488.6,511.3,A
23,M,Branca,Pública,Estadual,598.8,684.3,H
20,M,Branca,Privada,Estadual,288.0,500.7,H
24,M,Preta,Privada,Federal,623.4,641.0,G
18,M,Amarela,Privada,Federal,467.0,412.2,M
24,M,Amarela,Privada,Privada,497.3,604.4,K
17,M,Branca,Pública,Municipal,449.8,778.4,E
20,M,Parda,Pública,Privada,328.7,555.2,D
20,F,Indígena,Pública,Municipal,421.7,764.1,J
17,M,Indígena,Pública,Estadual,709.7,1000.0,J
18,F,Branca,Pública,Municipal,390.4,595.7,M
17,M,Parda,Pública,Municipal,341.1,692.1,J
24,M,Preta,Pública,Estadual,514.1,671.5,J
22,F,Branca,Pública,Estadual,491.4,633.8,F
20,M,Branca,Pública,Estadual,467.7,718.2,L
21,M,Indígena,Privada,Privada,501.4,562.8,K
21,F,Branca,Pública,Estadual,564.4,500.6,A
24,M,Branca,Pública,Federal,441.3,371.1,M
19,M,Branca,Pública,Estadual,519.4,548.6,E
23,M,Indígena,Pública,Estadual,602.4,735.2,D
17,F,Preta,Pública,Estadual,400.5,459.0,D
17,M,Preta,Pública,Municipal,267.8,637.0,G
19,M,Branca,Pública,Privada,567.1,581.5,I
19,M,Indígena,Pública,Estadual,750.3,506.9,H
24,M,Preta,Pública,Privada,499.3,322.0,K
24,F,Preta,Pública,Federal,520.2,804.4,M
19,F,Preta,Pública,Federal,470.4,677.6,L
20,M,Indígena,Pública,Estadual,658.8,999.8,H
24,M,Indígena,Pública,Federal,492.2,761.9,E
22,F,Branca,Pública,Privada,481.3,801.1,F
24,F,Amarela,Pública,Municipal,591.1,337.6,B
17,M,Preta,Pública,Estadual,451.6,335.0,M
24,F,Amarela,Pública,Federal,371.5,606.3,K
20,M,Indígena,Pública,Privada,588.2,427.8,C
19,F,Indígena,Privada,Privada,440.8,497.8,E
17,F,Indígena,Privada,Federal,402.5,978.9,B
24,F,Amarela,Privada,Privada,710.0,778.5,C
20,F,Indígena,Pública,Privada,482.1,459.7,D
22,M,Branca,Pública,Estadual,549.4,245.1,F
24,F,Indígena,Pública,Privada,503.0,447.0,E
20,F,Parda,Pública,Federal,411.4,516.4,J
22,M,Amarela,Pública,Estadual,568.9,551.8,D
19,F,Parda,Pública,Federal,531.5,408.1,M
24,F,Indígena,Privada,Municipal,434.1,769.5,B
22,M,Branca,Pública,Federal,543.3,493.3,L
17,F,Preta,Privada,Federal,448.6,697.3,K
19,M,Indígena,Pública,Estadual,389.6,608.1,E
17,M,Branca,Pública,Privada,379.4,740.8,E
21,M,Amarela,Pública,Federal,527.0,564.3,K
18,M,Parda,Pública,Estadual,461.7,461.3,G
24,F,Parda,Privada,Municipal,650.2,510.2,A
22,M,Parda,Pública,Estadual,495.7,512.3,D
18,F,Amarela,Pública,Estadual,421.5,909.7,K
18,F,Branca,Privada,Privada,515.8,611.5,E
22,F,Amarela,Pública,Federal,370.6,600.7,H
19,F,Parda,Privada,Municipal,491.6,732.3,L
24,F,Indígena,Pública,Estadual,531.9,600.0,L
21,F,Preta,Pública,Federal,519.6,768.3,H
17,F,Amarela,Pública,Federal,630.3,544.2,A
20,F,Amarela,Pública,Estadual,759.8,529.0,E
17,F,Branca,Pública,Federal,567.1,453.0,J
20,F,Branca,Pública,Estadual,617.9,877.5,A
17,M,Amarela,Privada,Estadual,754.3,589.5,A
22,M,Parda,Privada,Estadual,399.4,423.9,B
21,M,Preta,Pública,Municipal,513.1,629.5,B
24,F,Branca,Pública,Estadual,452.2,502.5,I
20,M,Parda,Pública,Privada,584.3,541.6,D
24,M,Indígena,Pública,Federal,527.2,646.6,C
24,M,Branca,Pública,Municipal,418.2,828.1,K
24,F,Parda,Pública,Federal,501.1,615.2,A
23,F,Parda,Pública,Municipal,604.7,493.3,L
19,F,Preta,Pública,Privada,369.6,524.3,B
17,F,Preta,Privada,Municipal,420.3,698.5,F
24,M,Indígena,Pública,Municipal,405.3,306.2,I
17,M,Parda,Pública,Municipal,532.6,443.6,E
24,M,Parda,Pública,Federal,624.1,631.9,D
20,M,Preta,Pública,Estadual,299.0,344.0,M
19,F,Branca,Pública,Federal,509.4,553.1,E
19,F,Branca,Pública,Estadual,407.6,528.3,I
22,F,Amarela,Privada,Federal,600.5,731.6,L
23,M,Preta,Pública,Privada,476.3,562.5,M
22,F,Amarela,Pública,Privada,513.1,778.0,G
22,F,Preta,Privada,Municipal,499.9,611.8,H
22,M,Indígena,Privada,Privada,612.4,866.5,D
22,M,Parda,Pública,Municipal,704.9,391.9,K
22,F,Indígena,Pública,Estadual,386.5,842.6,H
21,F,Preta,Pública,Privada,404.7,538.3,F
19,F,Parda,Pública,Estadual,532.1,821.1,E
22,F,Branca,Pública,Federal,418.4,777.8,M
24,F,Branca,Pública,Estadual,593.4,172.2,L
19,F,Amarela,Pública,Federal,609.4,671.9,G
19,M,Preta,Pública,Estadual,445.3,749.6,F
18,M,Preta,Pública,Estadual,423.6,799.3,C
21,M,Branca,Pública,Privada,472.5,423.5,E
22,F,Indígena,Pública,Estadual,510.4,688.6,I
17,M,Parda,Pública,Privada,531.5,629.3,G
20,F,Indígena,Pública,Privada,274.7,664.7,L
23,F,Indígena,Pública,Municipal,403.3,749.8,D
24,M,Branca,Pública,Municipal,459.6,773.5,G
17,F,Branca,Pública,Federal,420.3,501.6,E
21,F,Branca,Pública,Estadual,213.5,639.8,K
20,M,Amarela,Pública,Federal,311.2,606.2,M
21,M,Indígena,Privada,Estadual,369.5,564.1,B
24,M,Preta,Privada,Municipal,488.5,578.4,M
19,F,Parda,Pública,Municipal,456.4,629.4,F
20,M,Amarela,Pública,Estadual,436.8,509.7,G
19,M,Preta,Pública,Estadual,579.7,732.5,H
24,F,Indígena,Pública,Municipal,579.6,790.4,F
17,M,Branca,Pública,Municipal,515.0,476.9,H
24,M,Indígena,Privada,Federal,512.0,797.7,G
17,M,Parda,Pública,Municipal,414.3,477.2,B
20,F,Amarela,Pública,Estadual,426.3,734.7,F
20,F,Amarela,Privada,Federal,329.2,797.5,I
22,F,Parda,Privada,Estadual,474.9,585.8,L
21,F,Preta,Privada,Privada,578.6,478.4,F
22,M,Preta,Pública,Federal,635.4,511.7,D
21,F,Amarela,Pública,Estadual,475.5,654.3,G
22,F,Amarela,Pública,Municipal,549.2,894.7,C
19,M,Branca,Pública,Privada,214.4,346.1,E
20,M,Preta,Pública,Estadual,456.7,615.0,A
17,M,Parda,Pública,Federal,454.4,586.8,J
21,F,Preta,Privada,Estadual,649.1,531.5,C
24,F,Branca,Pública,Privada,539.3,587.9,H
21,F,Amarela,Pública,Federal,549.4,518.7,I
17,M,Amarela,Pública,Privada,544.2,786.5,I
22,M,Branca,Pública,Estadual,504.5,801.4,J
21,F,Parda,Pública,Municipal,653.2,613.2,B
23,M,Amarela,Pública,Municipal,269.5,578.8,D
19,M,Indígena,Pública,Estadual,514.6,526.0,E
20,M,Amarela,Privada,Estadual,613.0,613.5,C
17,F,Indígena,Pública,Estadual,310.9,877.2,M
20,M,Branca,Privada,Federal,583.8,584.4,K
23,M,Branca,Pública,Privada,423.9,474.1,A
21,F,Amarela,Pública,Privada,511.0,540.3,F
21,F,Preta,Pública,Privada,422.0,713.0,J
24,M,Indígena,Pública,Estadual,595.9,492.3,B
23,M,Parda,Pública,Privada,471.2,594.9,I
17,F,Amarela,Pública,Estadual,584.6,670.9,A
24,F,Parda,Privada,Federal,543.5,503.7,K
19,M,Amarela,Privada,Municipal,420.6,335.3,I
24,M,Preta,Pública,Estadual,550.2,439.3,G
18,M,Preta,Privada,Estadual,433.6,471.2,K
17,M,Preta,Pública,Municipal,506.4,565.7,M
18,F,Preta,Privada,Municipal,469.3,606.6,J
23,M,Branca,Pública,Federal,590.0,723.6,B
22,M,Branca,Pública,Privada,554.0,415.9,F
18,F,Indígena,Privada,Estadual,496.9,701.7,H
19,M,Parda,Pública,Privada,431.4,544.4,B
24,F,Amarela,Privada,Estadual,373.1,332.2,E
22,M,Amarela,Pública,Federal,513.6,602.0,M
24,M,Branca,Pública,Municipal,436.8,797.4,L
18,F,Amarela,Pública,Federal,312.2,732.5,K
24,F,Branca,Pública,Municipal,367.0,588.6,F
23,M,Indígena,Pública,Privada,662.6,768.9,C
22,M,Parda,Privada,Privada,434.0,628.8,L
23,M,Indígena,Pública,Federal,608.2,747.2,B
18,F,Preta,Privada,Municipal,464.3,350.8,K
23,M,Preta,Privada,Federal,624.0,412.5,F
19,F,Preta,Pública,Municipal,616.7,709.4,C
18,F,Indígena,Privada,Municipal,417.4,830.9,B
18,M,Amarela,Privada,Privada,301.2,662.6,A
18,F,Parda,Privada,Privada,309.7,525.4,H
17,M,Preta,Privada,Municipal,419.1,472.4,A
24,M,Preta,Privada,Municipal,689.0,552.7,L
17,M,Preta,Pública,Municipal,458.9,782.0,E
17,M,Parda,Pública,Privada,514.5,548.6,K
19,M,Preta,Privada,Privada,630.3,757.2,F
22,F,Parda,Pública,Estadual,511.0,697.9,K
24,F,Preta,Pública,Municipal,507.6,857.1,L
23,M,Indígena,Pública,Estadual,562.3,630.0,L
21,M,Indígena,Privada,Municipal,528.9,592.6,C
18,F,Parda,Pública,Privada,490.1,764.7,G
23,F,Indígena,Privada,Estadual,427.9,459.7,B
18,F,Parda,Pública,Estadual,507.8,533.4,G
19,F,Indígena,Pública,Federal,609.4,348.0,B
18,M,Indígena,Pública,Municipal,678.2,411.9,E
17,M,Parda,Pública,Privada,529.2,888.5,G
24,F,Amarela,Pública,Federal,575.5,703.8,K
21,M,Indígena,Privada,Federal,527.0,394.4,K
20,F,Preta,Privada,Municipal,491.3,779.2,C
18,M,Amarela,Pública,Federal,551.4,494.4,K
23,F,Parda,Pública,Municipal,618.9,696.1,D
17,M,Amarela,Privada,Federal,411.4,693.9,A
20,F,Branca,Privada,Municipal,354.9,849.7,C
21,F,Branca,Pública,Privada,446.7,519.3,I
20,M,Indígena,Pública,Municipal,521.2,489.0,J
17,F,Indígena,Pública,Municipal,587.0,196.6,E
24,M,Preta,Privada,Estadual,401.0,581.7,H
24,M,Amarela,Pública,Privada,251.1,708.8,B
22,F,Branca,Pública,Privada,449.1,729.3,C
24,M,Indígena,Pública,Privada,480.6,787.9,G
22,M,Amarela,Privada,Federal,383.8,643.5,J
20,M,Indígena,Pública,Estadual,424.4,675.7,D
19,M,Indígena,Pública,Privada,586.7,610.2,I
23,M,Branca,Pública,Federal,507.8,706.1,G
23,F,Branca,Pública,Federal,534.6,459.9,K
20,M,Indígena,Pública,Federal,464.4,388.7,L
18,M,Parda,Privada,Estadual,424.6,475.7,A
18,M,Indígena,Privada,Federal,463.7,632.0,D
24,M,Indígena,Privada,Estadual,549.9,404.9,J
23,M,Preta,Privada,Municipal,350.9,505.0,K
23,F,Preta,Pública,Federal,665.0,509.8,F
22,M,Preta,Privada,Privada,557.5,717.3,F
19,F,Parda,Pública,Federal,446.4,699.0,J
17,F,Parda,Pública,Municipal,581.3,610.6,F
18,F,Indígena,Privada,Municipal,622.2,667.7,E
23,F,Preta,Pública,Federal,467.0,670.6,C
22,M,Parda,Pública,Municipal,478.3,545.5,B
21,F,Branca,Pública,Estadual,649.3,518.6,C
22,F,Indígena,Pública,Estadual,711.9,830.5,I
18,M,Amarela,Pública,Federal,502.9,226.6,C
18,M,Indígena,Privada,Estadual,384.2,488.8,C
22,M,Amarela,Privada,Estadual,452.9,569.4,A
17,F,Preta,Pública,Privada,603.3,684.0,B
20,M,Amarela,Pública,Federal,397.0,770.3,K
18,M,Preta,Pública,Municipal,479.2,878.5,L
22,F,Branca,Privada,Federal,529.3,586.2,C
23,M,Amarela,Pública,Estadual,407.7,596.3,B
22,M,Indígena,Pública,Privada,609.6,654.4,H
19,M,Preta,Pública,Federal,569.4,520.3,F
20,M,Indígena,Pública,Federal,701.0,422.4,G
21,F,Parda,Pública,Estadual,578.1,585.6,A
17,M,Preta,Privada,Estadual,403.9,711.8,F
24,M,Amarela,Pública,Federal,553.0,563.6,B
21,F,Preta,Pública,Estadual,598.8,662.0,M
20,M,Indígena,Pública,Estadual,603.9,319.7,F
20,F,Branca,Privada,Estadual,422.3,602.8,C
20,M,Preta,Pública,Estadual,410.4,539.5,G
21,F,Amarela,Pública,Estadual,386.0,408.7,C
23,F,Parda,Pública,Privada,660.5,698.6,I
20,F,Branca,Pública,Estadual,562.3,876.8,C
22,F,Parda,Privada,Municipal,417.9,748.5,G
21,M,Preta,Pública,Federal,512.7,758.1,L
24,F,Indígena,Privada,Privada,487.6,706.9,D
20,M,Indígena,Pública,Privada,402.7,697.0,H
22,F,Amarela,Privada,Estadual,503.6,330.1,B
23,F,Indígena,Pública,Federal,519.1,580.8,H
19,F,Branca,Privada,Municipal,693.1,676.3,I
23,M,Indígena,Pública,Estadual,434.4,679.7,M
24,F,Amarela,Pública,Federal,329.1,790.8,H
20,M,Preta,Privada,Estadual,395.1,445.1,F
24,M,Preta,Pública,Estadual,410.7,691.1,J
21,M,Indígena,Pública,Estadual,457.3,440.2,A
18,M,Parda,Pública,Estadual,395.3,568.2,G
20,M,Preta,Pública,Estadual,582.2,590.7,A
18,M,Indígena,Pública,Estadual,388.4,729.4,G
22,M,Amarela,Pública,Estadual,502.0,711.7,B
19,M,Indígena,Pública,Municipal,700.0,618.0,H
17,M,Preta,Privada,Privada,555.4,277.2,B
24,F,Amarela,Pública,Municipal,545.1,666.7,C
23,F,Indígena,Privada,Estadual,685.7,559.8,M
19,F,Branca,Privada,Estadual,624.6,808.8,L
20,F,Amarela,Pública,Municipal,556.5,773.0,C
18,F,Branca,Pública,Municipal,468.9,459.3,A
23,M,Parda,Pública,Privada,497.7,687.3,E
18,M,Amarela,Pública,Municipal,492.9,690.3,E
21,M,Branca,Privada,Privada,459.9,679.4,J
18,M,Preta,Pública,Estadual,521.2,659.9,E
21,M,Preta,Pública,Federal,535.1,694.5,M
22,M,Parda,Pública,Federal,375.5,825.2,I
23,M,Amarela,Pública,Federal,663.2,517.3,F
23,F,Amarela,Pública,Federal,541.0,464.1,F
17,F,Amarela,Pública,Estadual,473.7,717.4,C
20,F,Parda,Privada,Federal,522.1,317.5,E
21,F,Amarela,Pública,Municipal,593.0,698.1,J
17,M,Preta,Pública,Municipal,353.3,671.5,G
18,M,Branca,Privada,Federal,489.5,248.2,C
18,M,Preta,Pública,Municipal,381.4,504.5,B
17,F,Preta,Privada,Privada,765.7,836.4,E
23,M,Branca,Privada,Estadual,513.8,381.4,C
18,M,Preta,Privada,Federal,382.2,631.9,E
24,M,Parda,Privada,Federal,859.9,449.3,I
22,F,Branca,Pública,Estadual,446.4,493.7,K
22,M,Preta,Privada,Municipal,479.1,887.4,J
24,F,Indígena,Pública,Estadual,486.3,618.5,A
17,F,Preta,Privada,Estadual,415.2,677.5,D
24,F,Parda,Privada,Municipal,524.7,583.1,J
21,F,Amarela,Privada,Estadual,278.9,372.7,E
21,M,Preta,Privada,Municipal,608.6,422.3,B
17,F,Amarela,Pública,Municipal,387.2,776.8,L
24,F,Indígena,Privada,Estadual,458.5,622.9,B
21,M,Preta,Pública,Privada,575.2,484.5,A
23,M,Branca,Privada,Municipal,479.6,596.7,H
24,F,Amarela,Pública,Estadual,483.6,699.2,B
23,M,Indígena,Pública,Municipal,398.8,668.2,C
21,F,Branca,Pública,Privada,709.6,484.5,L
22,F,Branca,Pública,Privada,553.1,363.7,B
21,F,Branca,Privada,Federal,391.7,538.9,D
23,F,Branca,Pública,Municipal,517.8,766.4,A
19,M,Preta,Pública,Municipal,384.7,728.2,C
20,F,Preta,Pública,Estadual,672.2,661.6,E
18,M,Preta,Privada,Municipal,520.0,574.4,J
24,M,Indígena,Pública,Federal,402.4,522.5,A
19,M,Indígena,Pública,Privada,569.8,577.2,D
21,M,Indígena,Pública,Privada,472.2,717.3,F
22,F,Parda,Pública,Federal,371.2,751.5,D
17,M,Indígena,Pública,Municipal,538.1,560.7,G
21,F,Preta,Pública,Municipal,535.3,980.4,G
22,M,Preta,Pública,Federal,613.8,613.9,F
20,M,Parda,Privada,Estadual,506.5,548.0,I
21,F,Parda,Privada,Privada,510.7,821.4,B
23,F,Indígena,Pública,Federal,516.0,294.3,M
17,F,Amarela,Privada,Federal,659.5,672.0,J
22,M,Parda,Pública,Municipal,469.0,589.1,H
22,M,Branca,Pública,Privada,546.9,817.2,H
22,F,Preta,Pública,Municipal,561.7,690.7,K
20,F,Branca,Pública,Federal,535.0,620.9,J
21,F,Preta,Pública,Estadual,465.2,699.4,K
20,F,Preta,Pública,Privada,512.1,441.7,D
24,M,Parda,Pública,Federal,490.6,745.0,F
18,F,Parda,Privada,Federal,695.9,398.3,K
18,F,Branca,Pública,Estadual,454.2,653.8,F
24,F,Preta,Pública,Federal,408.7,605.3,E
21,F,Branca,Pública,Federal,499.4,335.5,A
23,M,Amarela,Pública,Privada,492.3,610.3,C
20,F,Branca,Pública,Privada,519.7,642.3,G
17,M,Indígena,Pública,Privada,454.3,501.8,H
22,F,Branca,Privada,Municipal,511.0,448.1,B
22,F,Indígena,Pública,Estadual,513.0,673.8,C
21,M,Indígena,Pública,Privada,590.6,654.3,D
23,F,Indígena,Pública,Municipal,509.3,634.0,K
18,M,Amarela,Pública,Municipal,510.2,601.3,E
18,M,Branca,Pública,Estadual,551.6,515.0,C
22,F,Branca,Pública,Estadual,586.8,940.8,E
21,M,Amarela,Pública,Federal,401.6,555.3,H
20,M,Preta,Pública,Municipal,374.8,470.2,H
18,M,Parda,Pública,Privada,669.5,608.2,B
20,M,Branca,Pública,Estadual,570.4,572.9,F
23,M,Parda,Pública,Municipal,478.1,551.8,D
18,M,Amarela,Pública,Privada,502.0,881.1,I
18,M,Preta,Pública,Municipal,460.7,430.5,J
19,M,Preta,Pública,Estadual,521.1,605.6,B
18,F,Preta,Pública,Federal,402.8,440.6,H
24,F,Amarela,Pública,Municipal,584.0,518.8,A
17,M,Indígena,Pública,Privada,517.5,860.4,K
24,F,Indígena,Pública,Estadual,521.2,642.2,F
21,M,Parda,Privada,Federal,410.6,640.4,K
21,M,Indígena,Pública,Privada,552.4,459.1,K
20,F,Indígena,Privada,Privada,412.9,536.3,L
24,M,Preta,Pública,Privada,430.8,873.5,J
24,M,Preta,Pública,Municipal,508.8,674.9,M
24,M,Parda,Pública,Estadual,750.7,549.0,A
23,M,Branca,Pública,Privada,517.1,666.1,B
18,F,Parda,Pública,Municipal,243.1,640.1,C
17,M,Parda,Pública,Estadual,435.7,474.1,I
20,M,Amarela,Pública,Estadual,568.4,544.7,E
24,M,Amarela,Pública,Municipal,387.2,938.2,J
24,F,Parda,Privada,Municipal,583.1,658.8,J
19,M,Parda,Privada,Privada,515.9,364.6,L
20,F,Parda,Pública,Estadual,599.1,676.5,B
24,F,Indígena,Pública,Federal,444.1,795.5,J
20,M,Amarela,Pública,Municipal,436.3,464.3,E
18,M,Parda,Pública,Estadual,556.5,531.5,E
19,F,Preta,Pública,Estadual,499.2,818.1,A
20,M,Preta,Privada,Privada,493.2,605.2,C
17,F,Indígena,Pública,Federal,656.9,578.6,E
17,F,Indígena,Pública,Privada,560.4,399.6,I
21,M,Branca,Pública,Federal,301.0,760.6,J
19,M,Branca,Privada,Federal,579.9,571.7,A
19,F,Branca,Pública,Municipal,569.9,274.4,H
21,F,Indígena,Pública,Estadual,618.5,364.1,A
20,F,Indígena,Privada,Estadual,406.0,515.8,I
19,F,Indígena,Pública,Estadual,532.5,439.1,F
17,M,Preta,Privada,Federal,511.2,462.6,A
17,M,Indígena,Pública,Estadual,404.2,951.7,H
24,M,Preta,Privada,Municipal,594.7,706.1,E
18,M,Branca,Pública,Federal,475.8,213.4,G
19,M,Branca,Pública,Federal,615.3,552.9,G
20,F,Branca,Privada,Federal,425.7,586.6,G
21,M,Parda,Pública,Federal,353.9,378.5,F
21,M,Parda,Pública,Municipal,475.7,680.2,K
20,M,Amarela,Pública,Estadual,523.2,293.8,H
23,M,Amarela,Pública,Municipal,446.6,764.5,I
22,M,Amarela,Pública,Estadual,193.6,816.2,L
18,F,Parda,Pública,Municipal,538.4,952.9,B
21,F,Parda,Pública,Privada,537.9,363.9,G
19,F,Amarela,Pública,Privada,568.7,394.4,B
18,M,Amarela,Pública,Privada,462.0,703.9,F
19,F,Indígena,Pública,Privada,456.5,777.4,B
23,F,Amarela,Privada,Federal,644.0,721.3,J
17,M,Indígena,Privada,Federal,342.5,762.0,F
18,M,Preta,Privada,Municipal,475.3,806.5,B
24,M,Parda,Pública,Municipal,514.2,630.3,A
21,F,Amarela,Pública,Privada,560.6,568.1,G
18,F,Parda,Pública,Estadual,517.0,394.8,C
18,M,Parda,Pública,Privada,407.8,555.3,L
18,M,Parda,Pública,Municipal,616.8,578.3,M
22,F,Preta,Pública,Privada,500.2,457.5,D
18,F,Branca,Pública,Municipal,333.2,594.3,M
19,M,Amarela,Privada,Privada,520.9,440.6,F
17,M,Branca,Pública,Estadual,547.5,767.0,E
23,F,Branca,Pública,Privada,696.1,663.9,D
20,M,Branca,Pública,Estadual,540.9,531.1,I
18,F,Parda,Pública,Estadual,351.8,628.3,F
21,F,Indígena,Privada,Municipal,355.3,434.2,F
18,F,Parda,Pública,Estadual,625.9,449.4,B
21,F,Parda,Pública,Federal,419.7,504.9,F
19,M,Branca,Pública,Federal,345.0,571.2,G
21,M,Parda,Pública,Federal,600.1,621.2,H
24,F,Branca,Pública,Municipal,452.4,621.8,H
20,F,Indígena,Privada,Federal,594.7,402.2,I
17,F,Amarela,Privada,Municipal,408.5,587.9,J
21,F,Branca,Privada,Municipal,647.4,477.3,K
21,F,Indígena,Pública,Federal,587.2,88.7,M
17,M,Amarela,Privada,Estadual,427.7,1000.0,L
20,M,Preta,Pública,Privada,334.0,480.2,C
18,M,Branca,Pública,Municipal,730.5,488.5,J
21,M,Branca,Pública,Federal,479.0,398.0,G
17,F,Preta,Pública,Municipal,423.7,441.4,G
24,F,Preta,Pública,Estadual,638.6,571.7,A
24,F,Branca,Privada,Estadual,594.6,802.8,H
19,F,Preta,Pública,Federal,618.3,570.8,D
17,F,Parda,Pública,Municipal,490.1,551.5,E
19,M,Amarela,Pública,Privada,688.1,780.0,F
24,F,Amarela,Privada,Privada,368.9,521.3,C
20,M,Amarela,Privada,Municipal,444.8,603.2,E
18,M,Parda,Privada,Municipal,539.0,461.8,J
17,M,Preta,Pública,Municipal,616.8,852.8,E
23,M,Indígena,Pública,Federal,566.1,757.3,A
24,F,Preta,Pública,Estadual,491.7,577.1,C
24,M,Branca,Pública,Privada,452.5,540.1,C
23,M,Amarela,Pública,Federal,617.4,595.2,A
22,M,Preta,Pública,Municipal,576.4,579.2,M
24,F,Indígena,Pública,Municipal,412.5,368.0,G
21,F,Branca,Privada,Estadual,409.6,762.4,A
20,F,Parda,Pública,Municipal,445.5,565.9,G
17,M,Parda,Pública,Federal,432.6,884.8,D
23,M,Indígena,Pública,Federal,603.0,663.3,I
21,F,Branca,Privada,Estadual,543.6,221.8,G
23,M,Amarela,Privada,Federal,555.8,407.8,E
17,F,Preta,Privada,Privada,519.2,278.1,G
19,F,Branca,Privada,Federal,523.9,405.9,I
17,M,Parda,Pública,Federal,341.8,355.0,J
22,M,Indígena,Pública,Federal,579.4,637.9,F
17,M,Indígena,Pública,Privada,443.7,552.6,A
17,M,Preta,Pública,Municipal,496.7,711.1,F
22,F,Indígena,Pública,Federal,452.7,594.3,A
20,F,Indígena,Pública,Estadual,514.6,564.0,M
24,F,Branca,Privada,Privada,557.3,900.5,L
17,F,Amarela,Privada,Estadual,399.1,633.4,D
22,F,Preta,Privada,Federal,525.3,587.9,H
21,M,Branca,Privada,Estadual,455.1,472.0,E
19,F,Amarela,Pública,Federal,632.1,423.6,E
19,F,Branca,Pública,Privada,388.5,715.6,M
17,F,Branca,Pública,Estadual,399.7,706.6,J
20,M,Indígena,Pública,Estadual,464.0,835.7,K
20,M,Amarela,Privada,Federal,407.4,671.8,H
21,M,Preta,Pública,Federal,477.6,541.0,H
17,M,Preta,Privada,Municipal,447.2,676.7,A
19,F,Amarela,Pública,Federal,508.8,588.0,M
20,F,Indígena,Pública,Federal,600.8,729.8,M
17,M,Parda,Pública,Municipal,507.1,800.1,E
23,M,Branca,Pública,Federal,516.2,574.7,L
20,F,Indígena,Pública,Federal,394.3,863.6,E
22,F,Amarela,Pública,Municipal,486.6,778.3,H
23,M,Branca,Privada,Privada,457.8,602.7,A
24,M,Preta,Pública,Privada,568.2,700.6,G
20,M,Parda,Pública,Federal,423.5,645.8,G
19,M,Preta,Pública,Federal,413.9,603.3,M
18,F,Amarela,Pública,Municipal,531.7,887.0,I
23,F,Branca,Privada,Municipal,698.0,677.6,B
24,F,Amarela,Pública,Privada,482.4,473.9,C
21,M,Branca,Privada,Estadual,516.8,445.8,D
21,M,Indígena,Pública,Federal,594.8,451.9,A
19,F,Parda,Privada,Estadual,551.0,673.4,G
20,F,Indígena,Pública,Estadual,551.6,548.8,J
17,F,Indígena,Pública,Municipal,490.5,650.0,C
20,F,Amarela,Pública,Federal,492.4,740.5,C
19,M,Parda,Pública,Federal,424.5,904.3,C
21,F,Branca,Pública,Municipal,548.6,552.2,H
20,F,Branca,Pública,Estadual,546.4,388.7,I
21,F,Preta,Pública,Municipal,571.7,868.9,J
23,F,Branca,Pública,Privada,451.2,381.4,M
24,F,Amarela,Pública,Federal,583.0,375.5,B
17,F,Indígena,Privada,Privada,613.3,865.0,J
23,F,Indígena,Pública,Municipal,378.6,759.9,J
21,M,Indígena,Pública,Federal,470.3,672.7,A
21,M,Parda,Pública,Privada,617.5,592.5,I
18,M,Branca,Privada,Privada,435.0,564.1,F
18,M,Amarela,Pública,Estadual,552.9,502.4,I
23,F,Parda,Pública,Federal,500.9,557.5,F
22,M,Preta,Privada,Privada,533.1,592.9,B
23,M,Amarela,Privada,Privada,503.9,393.8,A
18,F,Amarela,Pública,Estadual,574.6,477.0,H
21,F,Amarela,Pública,Privada,397.8,283.2,C
19,M,Indígena,Privada,Privada,408.7,611.7,A
23,M,Amarela,Pública,Privada,646.5,611.7,H
21,F,Branca,Pública,Estadual,710.0,866.8,L
19,M,Amarela,Pública,Privada,499.5,656.3,A
19,F,Indígena,Privada,Privada,671.5,516.6,H
18,F,Amarela,Pública,Federal,422.8,569.9,A
23,F,Preta,Privada,Federal,446.8,673.0,I
20,F,Preta,Pública,Estadual,645.7,634.1,I
17,M,Indígena,Pública,Municipal,580.4,686.7,L
18,F,Branca,Pública,Federal,660.6,656.6,M
18,F,Branca,Pública,Estadual,546.9,562.1,I
20,M,Parda,Privada,Privada,398.7,519.6,C
17,F,Indígena,Privada,Privada,522.4,511.6,D
21,M,Amarela,Pública,Estadual,620.2,461.2,E
22,M,Indígena,Pública,Privada,486.7,437.7,F
23,M,Parda,Pública,Privada,471.4,875.8,I
22,F,Indígena,Pública,Municipal,548.4,618.7,M
21,M,Indígena,Pública,Privada,444.0,576.7,K
24,M,Parda,Pública,Federal,529.6,525.6,L
18,F,Branca,Pública,Privada,506.4,664.3,D
17,M,Amarela,Privada,Estadual,451.0,780.5,F
18,M,Parda,Privada,Municipal,598.1,708.5,M
19,M,Preta,Pública,Privada,564.6,738.2,A
18,M,Branca,Privada,Estadual,464.6,512.0,B
18,M,Preta,Pública,Federal,498.5,599.4,H
21,F,Branca,Pública,Privada,472.9,514.0,D
21,M,Amarela,Pública,Municipal,436.1,616.1,J
21,M,Amarela,Pública,Privada,330.2,790.9,G
22,F,Indígena,Pública,Estadual,451.6,665.9,D
19,F,Preta,Pública,Municipal,437.6,844.0,I
24,F,Branca,Privada,Privada,511.5,556.7,I
24,M,Amarela,Privada,Federal,544.1,479.0,D
21,F,Parda,Pública,Municipal,419.8,676.8,M
17,M,Amarela,Privada,Federal,537.3,617.8,H
22,M,Parda,Pública,Estadual,404.4,648.4,F
20,F,Branca,Pública,Privada,487.5,626.0,A
17,F,Amarela,Pública,Federal,439.8,527.3,G
23,M,Amarela,Pública,Estadual,574.6,629.4,A
23,F,Branca,Pública,Privada,511.7,746.0,C
17,M,Amarela,Pública,Estadual,489.0,761.4,H
21,F,Parda,Pública,Federal,437.5,526.6,I
20,F,Amarela,Privada,Estadual,467.1,634.7,C
20,F,Preta,Pública,Municipal,682.9,821.6,A
22,M,Indígena,Pública,Privada,449.9,529.8,A
20,F,Parda,Pública,Estadual,547.9,502.6,G
23,M,Preta,Pública,Federal,488.7,719.2,E
19,M,Branca,Pública,Privada,545.1,692.8,M
21,M,Parda,Privada,Municipal,583.7,474.5,A
20,M,Indígena,Pública,Privada,464.6,390.1,F
22,F,Indígena,Pública,Municipal,571.0,631.7,F
23,M,Branca,Pública,Privada,775.7,537.2,D
19,M,Branca,Pública,Estadual,556.8,347.4,G
18,F,Parda,Pública,Estadual,661.4,496.9,G
18,M,Amarela,Pública,Federal,548.1,690.4,L
19,F,Branca,Privada,Municipal,406.8,577.3,I
23,M,Amarela,Pública,Federal,527.6,834.9,L
22,F,Preta,Pública,Estadual,467.0,286.9,A
19,M,Indígena,Pública,Municipal,440.4,800.7,E
21,F,Amarela,Pública,Federal,492.7,548.4,J
21,M,Indígena,Pública,Federal,484.5,526.7,C
18,M,Amarela,Privada,Federal,394.0,367.3,G
20,F,Preta,Pública,Federal,770.8,669.8,D
22,F,Branca,Pública,Federal,580.8,326.0,D
18,F,Preta,Pública,Municipal,524.4,722.7,M
20,F,Branca,Pública,Federal,509.0,373.0,L
20,M,Branca,Pública,Municipal,620.2,396.6,A
24,M,Indígena,Pública,Federal,707.6,421.3,A
21,F,Preta,Pública,Estadual,568.5,492.6,J
23,M,Amarela,Pública,Estadual,512.1,741.3,B
17,F,Preta,Privada,Federal,647.3,825.6,B
23,F,Indígena,Pública,Privada,514.2,508.1,A
17,M,Branca,Pública,Estadual,543.5,593.0,H
19,M,Indígena,Pública,Municipal,600.1,673.5,F
21,M,Parda,Pública,Federal,461.4,550.6,F
20,M,Parda,Pública,Municipal,292.4,667.6,J
22,M,Amarela,Pública,Privada,456.5,599.4,J
17,M,Indígena,Pública,Federal,577.3,562.0,I
23,M,Amarela,Pública,Estadual,570.3,387.0,E
20,F,Amarela,Pública,Municipal,634.3,622.4,D
17,F,Parda,Pública,Estadual,460.3,743.8,K
17,F,Amarela,Privada,Estadual,658.1,483.3,F
24,F,Parda,Pública,Federal,518.5,304.8,H
17,F,Branca,Pública,Municipal,560.4,552.1,A
22,M,Indígena,Pública,Privada,590.4,826.5,G
21,F,Amarela,Pública,Estadual,361.8,781.8,H
22,F,Parda,Pública,Federal,399.5,512.9,I
18,F,Preta,Pública,Federal,396.2,668.3,K
20,F,Amarela,Privada,Privada,607.2,692.0,H
21,F,Branca,Pública,Federal,469.5,823.6,G
24,F,Branca,Pública,Estadual,702.8,367.4,C
21,F,Preta,Pública,Federal,500.3,439.7,B
21,M,Parda,Pública,Municipal,352.9,298.5,C
23,M,Amarela,Pública,Municipal,432.8,498.2,D
21,F,Parda,Privada,Estadual,511.7,759.9,D
24,M,Branca,Pública,Municipal,551.5,516.0,F
22,M,Parda,Privada,Privada,401.5,403.8,L
21,M,Branca,Privada,Federal,556.8,634.0,G
19,M,Parda,Privada,Estadual,583.6,637.9,L
20,F,Preta,Pública,Privada,435.9,447.4,D
21,M,Indígena,Pública,Federal,696.9,524.1,J
20,M,Preta,Pública,Privada,446.7,622.6,F
19,M,Preta,Pública,Estadual,400.0,711.9,I
19,F,Indígena,Pública,Estadual,347.1,502.7,F
20,F,Indígena,Privada,Privada,622.1,481.1,C
17,F,Amarela,Pública,Federal,502.3,886.9,A
18,F,Amarela,Pública,Municipal,452.1,558.9,K
23,F,Preta,Pública,Municipal,352.6,637.4,J
17,F,Preta,Pública,Privada,461.1,697.3,J
17,F,Branca,Pública,Estadual,738.1,332.0,M
22,M,Branca,Privada,Federal,285.6,597.2,E
23,M,Amarela,Pública,Federal,436.8,353.1,J
23,M,Amarela,Privada,Estadual,679.3,580.4,J
17,F,Branca,Privada,Municipal,624.9,806.0,C
21,F,Branca,Privada,Federal,442.9,450.2,H
22,F,Parda,Pública,Privada,520.4,350.0,J
22,F,Parda,Privada,Municipal,546.3,883.2,A
19,F,Branca,Pública,Privada,513.4,427.9,K
24,M,Parda,Pública,Municipal,678.4,375.2,B
23,M,Indígena,Pública,Estadual,534.0,842.9,C
17,F,Amarela,Pública,Privada,613.6,422.0,C
19,F,Amarela,Pública,Privada,518.2,846.7,L
20,F,Branca,Pública,Estadual,296.8,641.1,H
18,F,Preta,Pública,Privada,380.8,792.6,E
24,M,Branca,Privada,Municipal,401.5,627.9,H
24,F,Parda,Pública,Federal,475.1,762.0,K
24,F,Preta,Pública,Federal,707.8,462.2,K
22,F,Parda,Pública,Estadual,536.2,508.0,F
20,F,Indígena,Pública,Municipal,489.4,282.7,L
24,M,Parda,Privada,Privada,623.9,745.8,B
20,F,Indígena,Pública,Privada,354.8,662.9,K
21,F,Indígena,Pública,Federal,451.0,448.9,D
24,M,Parda,Pública,Privada,436.3,337.7,I
18,M,Parda,Privada,Federal,539.8,642.3,D
20,M,Indígena,Pública,Estadual,589.6,851.4,E
20,F,Preta,Privada,Privada,547.1,579.3,E
18,F,Indígena,Pública,Municipal,548.7,501.2,J
24,M,Amarela,Pública,Privada,463.9,459.4,H
18,M,Indígena,Pública,Federal,532.1,787.4,F
20,M,Preta,Privada,Estadual,416.0,483.1,J
18,M,Amarela,Pública,Federal,567.4,544.3,G
20,M,Branca,Pública,Privada,449.9,756.3,F
20,M,Branca,Pública,Federal,387.8,695.6,E
21,F,Preta,Pública,Federal,503.8,550.1,E
17,F,Indígena,Pública,Estadual,308.7,495.2,C
20,F,Parda,Privada,Municipal,647.4,819.8,G
24,M,Preta,Pública,Privada,579.7,432.5,M
19,M,Amarela,Pública,Estadual,533.7,568.5,J
22,M,Amarela,Privada,Municipal,337.6,374.1,E
23,M,Branca,Pública,Federal,430.0,778.3,G
17,M,Amarela,Pública,Municipal,504.1,528.8,B
17,M,Preta,Pública,Federal,473.7,495.1,I
17,F,Amarela,Pública,Federal,331.1,699.2,H
21,F,Preta,Pública,Estadual,368.4,386.2,E
20,M,Parda,Pública,Federal,471.7,695.3,B
21,F,Branca,Pública,Estadual,371.7,545.9,F
20,M,Amarela,Pública,Municipal,637.1,419.2,H
24,F,Preta,Privada,Municipal,549.5,451.5,G
21,M,Indígena,Privada,Federal,419.7,497.4,H
21,M,Branca,Privada,Estadual,616.9,533.4,D
22,F,Parda,Privada,Federal,596.8,420.2,C
19,F,Preta,Pública,Estadual,528.9,644.2,G
21,M,Parda,Privada,Estadual,496.0,416.3,B
22,M,Parda,Pública,Estadual,470.2,245.2,E
18,F,Amarela,Pública,Municipal,446.0,887.9,M
19,F,Amarela,Pública,Estadual,366.3,629.7,G
24,M,Preta,Pública,Municipal,652.8,901.4,A
21,F,Indígena,Privada,Estadual,447.9,443.5,D
23,M,Preta,Privada,Municipal,502.8,672.0,B
17,M,Indígena,Pública,Privada,409.0,734.2,F
18,M,Parda,Privada,Municipal,474.1,571.6,L
18,M,Branca,Pública,Municipal,785.1,383.3,A
24,F,Preta,Pública,Federal,427.4,560.3,G
22,F,Preta,Pública,Estadual,644.9,694.0,C
18,F,Indígena,Pública,Privada,497.2,688.2,L
19,F,Parda,Privada,Federal,568.0,599.8,A
21,F,Parda,Privada,Estadual,624.5,734.6,H
21,F,Indígena,Privada,Privada,527.2,727.5,G
23,F,Parda,Pública,Privada,464.8,521.4,B
24,M,Amarela,Privada,Privada,481.4,371.9,G
17,F,Branca,Pública,Estadual,484.8,628.6,C
22,F,Preta,Privada,Privada,686.4,488.0,M
17,M,Branca,Pública,Privada,351.6,621.6,I
18,F,Preta,Pública,Federal,322.9,801.8,H
24,F,Amarela,Pública,Municipal,329.6,665.6,E
23,M,Parda,Pública,Estadual,410.6,794.4,G
17,F,Indígena,Pública,Municipal,570.0,448.3,C
19,F,Amarela,Pública,Federal,576.1,763.1,A
21,F,Branca,Pública,Municipal,439.2,851.5,A
18,M,Indígena,Pública,Privada,497.2,609.6,K
23,F,Parda,Pública,Privada,388.4,948.3,B
17,F,Amarela,Pública,Estadual,397.6,471.4,H
22,M,Indígena,Pública,Estadual,558.0,504.2,A
19,F,Amarela,Pública,Estadual,604.8,697.5,K
19,M,Amarela,Pública,Federal,452.3,608.2,L
17,M,Parda,Privada,Estadual,663.5,488.6,E
21,F,Preta,Privada,Federal,596.6,692.9,I
17,M,Indígena,Pública,Privada,659.2,653.3,L
18,M,Parda,Privada,Municipal,469.9,512.1,I
17,F,Amarela,Privada,Privada,652.1,628.4,B
19,M,Parda,Privada,Privada,718.0,713.9,G
23,M,Preta,Pública,Privada,458.7,508.7,K
17,F,Indígena,Pública,Estadual,484.6,677.5,A
21,F,Preta,Pública,Estadual,405.2,469.9,C
24,F,Branca,Pública,Estadual,385.6,498.9,F
23,M,Indígena,Pública,Municipal,386.7,766.7,I
22,F,Preta,Pública,Estadual,418.9,692.1,J
20,M,Amarela,Privada,Federal,527.5,317.0,B
17,M,Indígena,Privada,Privada,423.1,543.9,G
21,M,Indígena,Pública,Municipal,524.4,673.5,D
23,M,Parda,Pública,Municipal,526.5,620.8,B
21,M,Amarela,Pública,Municipal,453.0,692.7,C
22,M,Branca,Privada,Municipal,493.7,617.4,F
19,M,Preta,Pública,Municipal,447.2,580.1,J
21,F,Parda,Pública,Federal,468.9,575.5,I
23,F,Preta,Pública,Privada,419.1,763.7,H
21,M,Branca,Pública,Municipal,508.4,704.2,J
21,M,Branca,Pública,Privada,439.9,660.7,K
21,F,Indígena,Pública,Estadual,383.4,613.3,I
18,M,Branca,Privada,Municipal,559.3,517.7,D
18,F,Preta,Privada,Municipal,562.7,554.0,L
19,F,Amarela,Privada,Privada,611.2,759.7,D
17,F,Amarela,Privada,Municipal,397.6,745.6,I
21,M,Indígena,Pública,Municipal,451.9,502.7,H
22,M,Preta,Pública,Municipal,523.0,615.0,L
17,F,Preta,Privada,Federal,449.8,674.8,B
22,F,Branca,Privada,Federal,557.1,665.0,H
17,F,Preta,Pública,Municipal,549.8,663.8,A
19,F,Parda,Pública,Federal,547.9,433.2,I
21,F,Branca,Pública,Estadual,646.0,424.3,I
21,M,Parda,Pública,Municipal,564.4,775.5,M
20,F,Indígena,Pública,Estadual,515.4,826.4,H
22,M,Amarela,Pública,Privada,480.6,377.8,K
17,F,Indígena,Pública,Estadual,487.6,595.8,E
17,M,Amarela,Pública,Privada,393.6,722.1,E
24,M,Indígena,Privada,Municipal,323.4,269.4,M
24,M,Preta,Pública,Privada,546.4,439.0,C
18,M,Parda,Pública,Privada,622.4,586.2,E
20,M,Amarela,Pública,Estadual,467.0,510.4,D
23,M,Branca,Privada,Estadual,658.7,631.4,A
24,F,Parda,Pública,Estadual,482.3,820.6,I
23,M,Branca,Privada,Municipal,304.6,472.1,J
18,F,Parda,Pública,Municipal,591.8,607.5,D
18,M,Parda,Privada,Estadual,452.1,548.3,C
18,M,Indígena,Privada,Municipal,600.9,620.5,F
22,F,Amarela,Pública,Municipal,372.2,600.9,A
22,M,Amarela,Pública,Privada,541.2,995.6,E
19,F,Parda,Pública,Privada,420.0,823.4,G
19,F,Preta,Pública,Estadual,520.1,362.9,B
18,F,Preta,Pública,Municipal,576.7,465.0,J
20,F,Branca,Pública,Privada,553.4,483.3,I
17,M,Branca,Pública,Federal,506.9,414.9,L
22,M,Indígena,Pública,Municipal,362.2,394.7,F
20,F,Parda,Pública,Federal,573.0,573.2,B
21,M,Branca,Pública,Estadual,603.1,489.0,H
22,M,Branca,Pública,Municipal,395.7,466.4,H
22,F,Parda,Pública,Estadual,410.4,903.1,A
19,M,Indígena,Pública,Estadual,607.4,499.4,L
17,F,Branca,Pública,Estadual,479.2,533.5,A
17,F,Indígena,Privada,Estadual,413.0,711.2,A
24,M,Amarela,Pública,Estadual,527.3,533.0,L
23,M,Indígena,Pública,Municipal,436.1,425.1,D
23,M,Preta,Pública,Federal,516.1,561.3,D
23,F,Preta,Privada,Municipal,458.7,901.3,H
23,F,Indígena,Privada,Municipal,467.2,527.8,A
21,M,Preta,Privada,Municipal,611.0,463.2,J
21,M,Amarela,Pública,Privada,253.1,663.0,C
22,M,Parda,Pública,Privada,555.5,554.1,K
18,M,Preta,Pública,Municipal,594.5,1000.0,A
19,F,Preta,Pública,Federal,437.8,482.0,I
19,M,Indígena,Privada,Municipal,593.8,860.1,J
23,F,Amarela,Pública,Estadual,404.1,774.5,L
22,F,Parda,Privada,Privada,434.0,542.8,I
24,M,Indígena,Pública,Privada,422.5,599.5,G
20,M,Indígena,Privada,Municipal,595.1,445.5,M
18,M,Amarela,Pública,Municipal,325.5,519.2,L
22,F,Parda,Pública,Federal,664.0,541.7,H
18,M,Amarela,Pública,Federal,469.5,623.7,A
18,M,Parda,Pública,Estadual,561.5,388.1,E
18,F,Amarela,Pública,Municipal,552.9,646.7,B
22,M,Indígena,Privada,Municipal,515.1,578.1,M
23,F,Indígena,Pública,Municipal,439.9,659.7,A
19,M,Branca,Pública,Privada,624.2,682.1,C
19,F,Preta,Pública,Estadual,448.5,566.1,G
23,M,Amarela,Pública,Federal,426.9,673.2,A
18,M,Branca,Privada,Privada,587.8,586.9,K
20,F,Preta,Privada,Privada,514.6,711.5,B
17,F,Amarela,Privada,Privada,635.8,647.4,B
22,M,Parda,Privada,Privada,493.7,627.2,D
17,F,Preta,Privada,Estadual,434.9,584.6,L
24,F,Indígena,Pública,Municipal,527.5,794.4,C
23,F,Branca,Privada,Federal,455.2,660.8,C
20,F,Preta,Pública,Federal,437.8,401.8,J
22,M,Preta,Pública,Privada,583.2,529.2,E
23,M,Indígena,Pública,Privada,683.2,565.7,C
18,F,Amarela,Privada,Estadual,475.4,599.8,K
19,F,Parda,Privada,Privada,402.5,626.5,G
17,F,Indígena,Pública,Federal,484.7,458.4,E
21,F,Parda,Privada,Federal,551.5,589.8,D
21,M,Amarela,Privada,Municipal,525.7,552.9,L
20,M,Preta,Pública,Municipal,619.4,762.7,C
18,F,Parda,Pública,Federal,566.5,450.7,L
24,F,Branca,Privada,Federal,389.7,597.4,D
17,F,Branca,Pública,Estadual,450.7,497.2,L
18,M,Indígena,Pública,Estadual,361.9,879.4,B
17,F,Amarela,Pública,Federal,614.5,788.5,A
20,M,Indígena,Pública,Privada,300.8,353.6,C
20,F,Indígena,Privada,Municipal,371.7,480.6,K
24,M,Indígena,Pública,Federal,448.8,730.6,B
21,F,Branca,Privada,Privada,556.4,668.6,A
18,M,Branca,Privada,Federal,447.8,663.9,A
22,F,Indígena,Privada,Municipal,463.5,628.6,B
21,F,Branca,Pública,Municipal,465.4,742.7,M
18,F,Amarela,Pública,Estadual,517.3,717.1,M
21,M,Indígena,Pública,Estadual,377.9,556.4,I
22,F,Branca,Pública,Estadual,405.3,420.1,M
19,M,Parda,Privada,Estadual,668.1,346.5,M
19,M,Indígena,Pública,Municipal,540.2,584.5,E
24,F,Indígena,Pública,Privada,576.1,324.0,I
19,F,Amarela,Pública,Privada,505.8,637.6,H
19,F,Preta,Privada,Privada,486.0,553.8,M
23,M,Preta,Privada,Federal,545.7,891.6,K
17,F,Amarela,Pública,Estadual,572.8,651.5,F
23,M,Amarela,Privada,Estadual,584.6,595.6,A
23,M,Amarela,Pública,Municipal,487.3,357.6,J
24,F,Preta,Pública,Municipal,595.5,410.7,E
23,F,Amarela,Privada,Federal,253.4,702.2,L
19,F,Branca,Pública,Federal,589.2,553.0,A
22,F,Indígena,Privada,Privada,457.3,980.3,G
24,F,Indígena,Pública,Municipal,555.3,587.5,J
24,F,Parda,Pública,Estadual,435.1,625.3,K
20,M,Parda,Privada,Privada,367.3,402.5,H
24,M,Indígena,Pública,Estadual,534.0,742.1,H
20,M,Branca,Privada,Privada,349.8,461.1,G
24,F,Preta,Privada,Estadual,460.0,678.7,B
17,M,Preta,Pública,Federal,418.8,721.8,E
19,M,Branca,Pública,Privada,482.5,614.3,D
24,M,Preta,Pública,Estadual,579.7,863.5,E
19,M,Amarela,Pública,Estadual,451.0,508.4,J
19,M,Indígena,Pública,Municipal,531.5,851.3,I
21,F,Indígena,Pública,Privada,573.9,409.4,D
24,F,Branca,Pública,Estadual,439.3,719.9,L
18,M,Preta,Pública,Municipal,440.7,578.6,H
21,M,Parda,Privada,Estadual,636.9,493.8,H
18,M,Parda,Privada,Privada,492.1,350.8,B
19,F,Preta,Privada,Federal,550.9,560.9,F
19,F,Parda,Pública,Privada,550.2,551.4,E
21,M,Branca,Privada,Privada,380.2,625.9,B
21,F,Branca,Pública,Estadual,423.9,708.7,L
18,F,Preta,Privada,Estadual,537.5,478.7,J
20,M,Parda,Privada,Privada,293.3,863.7,D
18,F,Branca,Pública,Municipal,478.9,519.2,G
21,F,Branca,Pública,Municipal,413.5,690.3,M
22,M,Amarela,Privada,Municipal,611.1,613.5,A
21,F,Amarela,Privada,Estadual,534.6,570.2,I
22,F,Branca,Privada,Estadual,619.1,606.0,J
17,M,Preta,Pública,Privada,496.1,459.0,L
21,F,Indígena,Pública,Federal,488.6,541.9,A
17,F,Indígena,Pública,Estadual,469.5,399.0,L
20,M,Branca,Privada,Privada,449.7,517.6,E
18,M,Branca,Pública,Privada,768.5,530.0,G
22,M,Branca,Privada,Federal,580.7,726.8,H
18,F,Preta,Pública,Municipal,393.4,550.2,B
17,M,Amarela,Pública,Privada,763.9,532.8,D
22,F,Branca,Pública,Privada,459.5,633.0,B
18,M,Branca,Privada,Privada,532.1,627.1,D
21,F,Parda,Pública,Municipal,594.0,511.3,F
19,M,Preta,Pública,Municipal,346.2,659.1,F
17,M,Branca,Pública,Federal,417.3,573.2,L
18,M,Parda,Pública,Estadual,664.8,511.1,M
17,M,Indígena,Pública,Municipal,477.5,525.7,B
23,F,Branca,Privada,Estadual,599.9,742.4,K
17,M,Branca,Pública,Estadual,454.7,530.2,D
22,M,Parda,Pública,Municipal,490.5,639.2,D
23,F,Preta,Privada,Privada,678.5,407.6,A
24,M,Branca,Privada,Federal,543.8,767.3,B
22,F,Indígena,Pública,Estadual,465.5,512.6,C
19,M,Branca,Pública,Privada,431.7,660.0,M
23,M,Indígena,Privada,Municipal,440.8,562.3,K
24,M,Amarela,Privada,Estadual,624.2,658.3,E
21,F,Amarela,Privada,Estadual,576.5,666.5,K
17,M,Indígena,Pública,Estadual,385.1,578.3,H
18,M,Preta,Pública,Privada,508.7,320.1,F
20,M,Branca,Privada,Privada,493.3,763.7,C
17,F,Branca,Pública,Privada,531.6,579.0,F
24,F,Amarela,Pública,Estadual,439.6,655.2,G
17,M,Indígena,Privada,Estadual,609.8,703.8,F
19,F,Branca,Pública,Federal,499.9,531.4,J
21,M,Branca,Pública,Federal,537.3,677.6,F
20,M,Preta,Pública,Privada,421.5,487.9,A
23,M,Parda,Pública,Privada,426.6,658.1,C
23,M,Amarela,Pública,Municipal,765.8,603.0,G
23,M,Amarela,Privada,Privada,680.0,536.6,D
24,M,Parda,Pública,Federal,493.0,607.0,L
22,M,Branca,Pública,Federal,653.3,441.7,D
22,F,Preta,Privada,Federal,621.3,646.4,G
18,F,Preta,Pública,Estadual,437.5,661.9,I
20,F,Amarela,Pública,Estadual,427.5,651.8,K
23,F,Preta,Privada,Privada,566.9,825.3,M
22,F,Parda,Privada,Municipal,526.0,585.8,M
24,F,Branca,Pública,Municipal,459.8,596.1,B
18,F,Parda,Privada,Municipal,572.1,424.5,I
21,M,Indígena,Pública,Estadual,355.8,835.9,C
18,M,Amarela,Privada,Federal,511.5,375.3,F
22,M,Preta,Pública,Federal,376.1,634.3,D
19,M,Indígena,Privada,Estadual,379.4,507.8,A
24,F,Preta,Pública,Municipal,429.3,609.3,I
19,F,Branca,Pública,Municipal,536.3,403.8,K
23,M,Branca,Pública,Privada,432.5,733.7,F
19,M,Branca,Pública,Privada,378.2,456.7,H
23,F,Preta,Privada,Municipal,547.7,774.9,B
23,M,Indígena,Pública,Estadual,649.3,460.9,G
22,M,Branca,Pública,Municipal,563.9,746.3,F
19,M,Indígena,Pública,Privada,680.2,475.4,B
23,M,Preta,Pública,Municipal,640.9,507.8,B
20,F,Indígena,Privada,Estadual,451.3,599.7,D
21,M,Preta,Privada,Federal,563.2,472.8,D
18,M,Preta,Pública,Estadual,490.8,468.4,C
18,F,Amarela,Privada,Estadual,606.2,474.5,H
22,F,Preta,Privada,Privada,490.8,647.8,G
19,M,Preta,Pública,Estadual,421.1,599.9,B
19,F,Parda,Pública,Estadual,637.3,607.9,C
23,M,Branca,Privada,Privada,531.8,551.3,J
24,M,Amarela,Pública,Privada,433.6,682.3,I
17,F,Amarela,Privada,Federal,450.1,757.5,M
23,M,Amarela,Pública,Municipal,433.0,686.3,E
21,M,Parda,Pública,Estadual,399.8,568.7,B
20,M,Preta,Pública,Privada,452.2,416.9,C
18,M,Branca,Pública,Federal,537.3,303.4,H
23,F,Indígena,Privada,Municipal,506.4,590.3,D
17,F,Preta,Pública,Privada,456.2,301.0,B
17,M,Parda,Pública,Municipal,649.6,570.1,B
23,F,Preta,Privada,Municipal,298.9,810.4,F
22,M,Preta,Pública,Estadual,530.6,427.0,H
18,M,Parda,Pública,Estadual,485.7,407.1,G
22,M,Amarela,Privada,Privada,403.0,695.5,D
20,M,Amarela,Privada,Municipal,536.4,179.1,B
17,M,Branca,Pública,Privada,478.0,657.3,I
17,F,Branca,Pública,Privada,624.7,820.3,D
21,M,Amarela,Pública,Municipal,586.8,469.1,I
20,F,Indígena,Pública,Privada,690.6,443.4,E
17,F,Preta,Pública,Municipal,451.7,688.5,L
20,M,Indígena,Pública,Municipal,639.7,424.4,L
18,M,Preta,Pública,Municipal,383.4,721.6,K
19,M,Amarela,Pública,Municipal,488.9,436.6,K
17,M,Branca,Pública,Federal,453.5,865.3,G
21,M,Branca,Pública,Municipal,560.2,699.3,L
18,F,Indígena,Privada,Estadual,557.8,605.7,E
23,M,Branca,Privada,Estadual,409.9,856.6,B
20,M,Amarela,Pública,Estadual,565.8,754.7,F
23,F,Indígena,Pública,Municipal,462.0,655.3,G
22,F,Preta,Pública,Estadual,418.3,320.5,K
18,M,Branca,Pública,Federal,498.8,494.8,M
23,F,Parda,Pública,Privada,352.3,762.8,F
24,M,Branca,Pública,Municipal,593.1,405.0,M
24,F,Preta,Pública,Estadual,494.4,485.1,C
17,F,Indígena,Privada,Federal,496.6,446.7,J
20,M,Preta,Pública,Privada,491.3,660.4,H
19,F,Parda,Pública,Federal,664.7,744.5,C
18,F,Amarela,Privada,Estadual,651.9,744.7,E
17,F,Branca,Pública,Federal,635.1,472.1,I
21,F,Indígena,Pública,Privada,491.5,658.3,K
22,F,Amarela,Pública,Estadual,388.4,465.0,E
20,F,Preta,Pública,Privada,498.4,568.4,G
18,M,Indígena,Privada,Federal,531.4,678.0,K
24,M,Amarela,Pública,Municipal,581.3,759.2,G
18,F,Indígena,Pública,Municipal,531.1,277.6,E
19,M,Parda,Pública,Municipal,397.4,614.8,B
24,M,Parda,Pública,Municipal,446.5,811.1,E
19,M,Branca,Privada,Privada,437.4,634.8,G
21,F,Branca,Privada,Municipal,553.9,612.4,G
22,M,Parda,Pública,Privada,556.4,515.5,D
21,F,Indígena,Pública,Estadual,569.5,807.1,A
17,M,Parda,Pública,Municipal,530.1,522.5,F
17,F,Branca,Privada,Privada,294.1,585.0,M
21,F,Parda,Pública,Municipal,327.4,529.5,C
22,M,Parda,Pública,Municipal,486.0,616.2,K
21,M,Indígena,Pública,Municipal,509.8,813.8,E
22,F,Amarela,Pública,Privada,625.4,464.1,D
22,M,Branca,Pública,Federal,507.8,616.9,M
23,M,Indígena,Pública,Municipal,402.4,658.7,B
24,M,Parda,Pública,Municipal,566.2,478.2,L
20,F,Parda,Pública,Estadual,498.3,591.1,G
22,F,Amarela,Pública,Federal,459.8,877.7,E
19,M,Branca,Privada,Privada,338.5,334.7,G
22,M,Branca,Pública,Estadual,508.5,536.8,I
22,M,Preta,Pública,Municipal,522.9,637.6,D
22,F,Branca,Pública,Estadual,400.4,543.6,E
23,F,Amarela,Pública,Estadual,574.4,1000.0,I
24,M,Preta,Pública,Municipal,565.5,682.3,M
23,M,Preta,Privada,Federal,504.9,443.3,J
17,M,Parda,Pública,Federal,501.2,249.5,K
23,M,Parda,Privada,Estadual,594.6,651.0,M
19,M,Branca,Pública,Municipal,536.8,486.7,D
19,M,Preta,Pública,Privada,429.8,793.3,E
23,F,Parda,Pública,Estadual,480.2,558.8,M
24,M,Amarela,Pública,Privada,555.7,514.7,E
21,F,Parda,Privada,Estadual,296.8,512.2,H
20,M,Parda,Privada,Estadual,406.8,748.0,M
24,M,Preta,Privada,Municipal,568.2,662.3,D
23,F,Preta,Privada,Municipal,620.9,863.4,D
22,F,Indígena,Privada,Privada,602.1,567.7,M
18,F,Amarela,Pública,Privada,589.3,729.3,G
20,F,Preta,Pública,Federal,513.0,731.9,K
20,M,Branca,Pública,Municipal,397.1,701.1,E
19,F,Amarela,Pública,Estadual,480.3,523.5,F
20,M,Amarela,Privada,Estadual,300.7,671.0,F
23,F,Preta,Pública,Federal,630.1,585.4,L
22,M,Amarela,Pública,Municipal,418.3,581.5,F
22,M,Preta,Pública,Estadual,446.7,479.1,J
17,M,Parda,Pública,Federal,605.9,281.9,E
22,M,Indígena,Pública,Federal,338.5,787.3,M
24,M,Parda,Pública,Estadual,381.1,664.7,M
22,M,Preta,Pública,Estadual,526.8,398.5,E
19,F,Preta,Pública,Privada,552.0,707.7,I
22,M,Parda,Pública,Municipal,492.8,790.2,M
17,F,Branca,Pública,Privada,496.1,716.7,H
18,F,Branca,Pública,Federal,626.8,466.3,D
23,M,Branca,Pública,Estadual,563.6,490.2,G
19,F,Preta,Pública,Privada,550.1,517.8,H
24,M,Amarela,Pública,Federal,577.6,729.2,L
18,F,Preta,Pública,Municipal,469.9,671.8,I
19,M,Amarela,Pública,Estadual,717.3,1000.0,E
21,F,Parda,Pública,Privada,269.2,353.9,C
20,M,Indígena,Pública,Municipal,645.8,592.1,M
21,M,Amarela,Pública,Privada,590.2,310.8,D
22,M,Branca,Privada,Federal,524.8,689.5,J
18,M,Preta,Pública,Municipal,508.0,760.0,F
22,F,Parda,Privada,Privada,484.4,816.3,J
20,M,Branca,Pública,Municipal,610.3,628.3,K
19,F,Parda,Pública,Federal,496.0,313.0,E
20,F,Indígena,Pública,Municipal,427.2,592.5,I
17,F,Preta,Pública,Privada,590.2,665.5,M
20,M,Preta,Pública,Federal,658.5,449.2,K
17,F,Indígena,Pública,Estadual,307.3,560.3,K
20,F,Preta,Pública,Privada,735.7,408.4,C
23,F,Amarela,Pública,Privada,396.3,508.1,B
17,M,Parda,Pública,Federal,404.0,736.9,F
18,M,Branca,Pública,Federal,375.5,702.0,M
22,F,Indígena,Pública,Estadual,500.1,390.7,G
24,M,Amarela,Pública,Privada,372.0,494.3,E
22,M,Branca,Privada,Federal,384.2,608.6,A
21,F,Branca,Privada,Estadual,431.1,634.0,C
22,F,Indígena,Privada,Estadual,513.8,500.6,C
19,M,Amarela,Pública,Federal,523.5,671.5,L
23,F,Branca,Privada,Privada,624.1,594.7,D
20,M,Branca,Privada,Municipal,621.8,213.5,J
21,M,Amarela,Pública,Municipal,602.5,514.2,F
19,M,Preta,Pública,Estadual,473.8,510.0,E
19,M,Branca,Privada,Municipal,315.9,701.7,A
17,M,Parda,Pública,Municipal,313.7,704.4,F
22,M,Amarela,Pública,Federal,601.8,349.2,I
18,F,Branca,Pública,Estadual,584.4,665.8,K
24,F,Indígena,Pública,Privada,438.3,588.9,A
18,M,Parda,Privada,Estadual,355.9,619.0,H
21,M,Branca,Pública,Federal,395.3,507.9,H
23,M,Parda,Pública,Municipal,517.5,590.7,C
18,F,Parda,Pública,Privada,517.7,772.5,M
20,M,Preta,Pública,Estadual,604.3,616.8,I
18,F,Parda,Pública,Municipal,455.0,593.6,K
21,M,Preta,Pública,Estadual,475.6,528.1,M
24,M,Amarela,Privada,Privada,612.5,757.8,M
18,F,Preta,Pública,Estadual,287.5,407.9,K
20,F,Indígena,Pública,Estadual,531.7,479.7,H
17,M,Branca,Pública,Estadual,466.6,399.3,C
23,M,Amarela,Pública,Municipal,571.3,630.1,J
21,M,Amarela,Privada,Privada,551.3,777.0,E
17,F,Indígena,Privada,Privada,430.4,550.7,C
17,F,Preta,Privada,Municipal,449.3,439.6,E
17,F,Branca,Pública,Municipal,269.8,845.5,I
19,F,Preta,Pública,Municipal,575.0,667.7,L
23,F,Parda,Pública,Federal,524.0,641.6,D
24,F,Preta,Pública,Estadual,639.9,571.5,F
22,M,Amarela,Privada,Estadual,460.1,700.4,C
23,M,Branca,Privada,Privada,591.4,639.3,C
19,F,Preta,Privada,Estadual,393.0,527.8,E
22,M,Branca,Privada,Federal,229.5,552.9,H
23,M,Branca,Privada,Municipal,490.5,447.0,H
17,F,Parda,Pública,Privada,443.3,428.3,C
21,M,Parda,Pública,Privada,394.9,555.5,H
22,F,Amarela,Pública,Estadual,589.8,773.1,M
20,F,Indígena,Pública,Privada,620.8,444.9,K
20,M,Branca,Pública,Municipal,510.5,725.5,M
18,F,Indígena,Pública,Privada,481.7,480.2,H
22,F,Amarela,Privada,Municipal,506.3,332.0,C
21,F,Branca,Pública,Federal,434.7,682.0,J
24,F,Branca,Privada,Federal,556.3,844.3,M
19,F,Indígena,Privada,Municipal,346.1,471.6,J
17,F,Preta,Pública,Estadual,392.7,364.5,B
18,F,Parda,Pública,Privada,420.9,668.2,J
20,F,Preta,Pública,Estadual,554.1,461.5,B
19,M,Indígena,Privada,Privada,469.8,680.5,I
19,M,Parda,Privada,Federal,636.0,772.7,G
17,M,Preta,Privada,Federal,580.3,649.6,F
24,F,Parda,Pública,Federal,419.9,721.5,G
24,F,Branca,Pública,Privada,563.3,722.5,H
22,M,Preta,Pública,Federal,459.2,748.5,L
20,M,Parda,Privada,Federal,547.3,606.8,A
24,M,Parda,Pública,Federal,585.2,716.9,H
21,F,Parda,Pública,Federal,611.5,624.7,C
24,M,Preta,Pública,Estadual,520.2,658.7,C
19,M,Amarela,Pública,Federal,660.0,1000.0,F
17,F,Preta,Pública,Federal,544.1,636.2,D
21,M,Indígena,Pública,Estadual,513.5,375.3,D
22,F,Preta,Pública,Estadual,469.7,570.4,D
20,F,Parda,Pública,Privada,436.9,553.4,J
22,F,Branca,Privada,Municipal,542.0,560.3,I
19,M,Preta,Privada,Federal,510.1,743.0,H
21,M,Preta,Pública,Federal,526.1,769.6,C
21,F,Parda,Privada,Federal,548.1,584.2,A
21,M,Branca,Pública,Privada,525.7,391.2,A
19,M,Branca,Pública,Federal,701.3,614.9,A
19,M,Indígena,Privada,Municipal,447.2,518.5,D
22,M,Preta,Privada,Estadual,543.2,631.6,F
18,F,Branca,Privada,Privada,477.2,581.9,D
22,M,Branca,Pública,Estadual,253.9,782.5,K
20,F,Amarela,Pública,Federal,480.7,641.2,K
17,F,Amarela,Privada,Federal,406.4,519.0,C
21,M,Branca,Pública,Federal,493.3,392.2,H
18,F,Indígena,Pública,Municipal,497.4,592.8,H
17,M,Branca,Privada,Municipal,538.5,593.3,F
18,M,Parda,Privada,Privada,447.0,560.6,I
24,F,Preta,Privada,Estadual,459.5,716.3,L
24,F,Indígena,Pública,Federal,570.1,392.6,J
23,F,Parda,Privada,Federal,419.1,485.6,A
24,F,Indígena,Pública,Federal,316.2,607.9,M
22,M,Parda,Pública,Federal,515.7,516.1,H
24,M,Preta,Pública,Municipal,607.1,546.5,F
19,M,Preta,Pública,Estadual,568.9,591.0,A
21,F,Amarela,Pública,Estadual,517.5,702.9,D
22,F,Parda,Pública,Privada,625.1,584.9,E
17,F,Amarela,Pública,Municipal,608.2,304.5,G
23,M,Parda,Pública,Federal,466.9,509.6,H
23,F,Amarela,Pública,Estadual,524.8,674.4,I
23,M,Preta,Pública,Estadual,529.0,714.4,L
17,F,Indígena,Pública,Municipal,491.3,722.7,L
17,M,Amarela,Privada,Privada,613.4,765.2,F
17,M,Parda,Privada,Privada,484.8,617.8,J
17,F,Parda,Pública,Federal,450.0,639.5,I
23,F,Preta,Privada,Privada,240.8,447.9,D
23,M,Parda,Pública,Estadual,420.2,273.8,H
18,M,Branca,Pública,Privada,368.5,387.4,C
22,F,Indígena,Privada,Federal,496.0,494.7,D
21,F,Amarela,Pública,Estadual,374.6,396.0,J
24,M,Indígena,Privada,Privada,560.9,556.1,D
24,F,Preta,Pública,Privada,610.8,530.7,F
19,M,Amarela,Privada,Municipal,496.9,740.7,I
23,M,Amarela,Pública,Federal,401.6,454.6,F
19,F,Branca,Pública,Privada,528.6,621.1,A
22,F,Preta,Pública,Municipal,689.3,537.0,E
22,F,Parda,Privada,Estadual,658.2,449.0,I
19,F,Branca,Pública,Municipal,359.4,490.8,E
23,F,Branca,Privada,Municipal,355.7,292.3,F
19,M,Indígena,Pública,Privada,330.0,712.3,C
24,M,Indígena,Pública,Privada,386.3,810.3,H
18,F,Indígena,Pública,Privada,525.2,559.9,J
24,F,Branca,Pública,Municipal,444.3,604.4,K
20,F,Parda,Privada,Estadual,416.1,555.6,M
23,M,Amarela,Pública,Federal,603.9,477.0,D
23,F,Indígena,Pública,Municipal,553.0,705.7,D
21,F,Parda,Pública,Privada,329.5,647.9,K
17,M,Preta,Pública,Federal,598.2,163.2,L
20,M,Indígena,Privada,Estadual,550.6,444.8,E
22,F,Amarela,Pública,Federal,552.8,292.0,J
23,F,Preta,Pública,Privada,443.0,833.3,I
19,F,Preta,Privada,Municipal,481.3,574.2,M
20,M,Amarela,Privada,Municipal,302.7,636.1,H
21,F,Indígena,Pública,Privada,586.7,547.0,G
22,F,Branca,Pública,Municipal,400.1,765.4,E
17,F,Amarela,Pública,Privada,412.9,729.1,I
17,M,Amarela,Pública,Municipal,411.6,567.7,I
21,M,Amarela,Privada,Municipal,680.0,857.7,J
21,F,Preta,Pública,Municipal,433.1,627.8,J
19,F,Parda,Pública,Estadual,594.2,381.0,B
23,M,Branca,Pública,Estadual,497.6,615.0,D
17,M,Indígena,Pública,Privada,417.1,677.6,H
22,M,Indígena,Pública,Estadual,399.0,580.0,M
20,M,Parda,Pública,Privada,437.1,538.3,A
22,M,Amarela,Pública,Federal,492.6,864.7,M
18,M,Branca,Pública,Federal,560.2,422.1,E
18,M,Indígena,Pública,Estadual,452.9,185.4,H
21,M,Indígena,Pública,Federal,449.2,842.9,B
19,M,Amarela,Pública,Federal,411.9,416.1,B
18,F,Parda,Pública,Municipal,380.6,557.0,M
17,F,Branca,Pública,Municipal,372.2,543.4,H
22,F,Parda,Pública,Privada,598.8,784.8,J
22,M,Parda,Pública,Federal,447.1,815.2,L
21,F,Branca,Pública,Privada,456.0,406.1,I
23,M,Branca,Privada,Privada,433.3,803.5,G
23,M,Indígena,Privada,Federal,468.3,800.8,H
20,F,Indígena,Privada,Estadual,537.1,602.9,E
21,M,Branca,Pública,Federal,451.3,739.9,A
24,F,Preta,Privada,Municipal,518.1,754.9,D
20,F,Indígena,Pública,Federal,641.8,562.1,B
24,F,Preta,Pública,Estadual,418.0,576.4,C
23,M,Branca,Pública,Privada,456.1,688.4,L
21,F,Indígena,Privada,Privada,564.1,355.7,C
24,M,Parda,Pública,Municipal,649.7,546.9,I
21,F,Branca,Pública,Municipal,375.8,419.9,M
21,F,Amarela,Privada,Municipal,329.9,813.5,J
23,F,Preta,Privada,Privada,499.9,545.2,D
20,M,Branca,Pública,Municipal,489.6,641.5,B
20,M,Branca,Pública,Federal,570.0,567.2,C
21,M,Indígena,Pública,Privada,554.8,557.5,C
18,F,Indígena,Privada,Estadual,496.6,631.6,G
19,F,Indígena,Pública,Privada,604.9,490.4,H
23,M,Amarela,Pública,Federal,431.9,570.2,M
19,M,Indígena,Privada,Federal,521.2,569.1,K
19,M,Branca,Pública,Municipal,378.4,536.5,M
20,M,Indígena,Pública,Privada,495.8,658.7,F
20,M,Parda,Pública,Privada,353.9,533.0,D
18,M,Indígena,Pública,Privada,388.4,841.7,F
19,F,Amarela,Pública,Estadual,670.9,694.3,M
19,M,Parda,Pública,Municipal,317.5,397.6,K
21,F,Branca,Pública,Federal,478.3,682.6,A
20,F,Branca,Pública,Federal,582.7,496.6,M
19,M,Preta,Pública,Municipal,722.1,620.4,J
22,M,Parda,Privada,Federal,517.7,490.3,H
18,F,Preta,Privada,Federal,523.4,270.8,A
24,M,Parda,Pública,Municipal,504.0,596.7,E
22,M,Parda,Pública,Federal,605.7,384.8,B
22,F,Amarela,Pública,Privada,543.2,663.0,F
24,F,Preta,Privada,Estadual,442.5,626.2,I
23,F,Amarela,Pública,Municipal,611.6,509.4,E
23,M,Parda,Privada,Estadual,453.8,873.8,D
18,F,Branca,Pública,Federal,340.2,414.1,B
22,M,Parda,Privada,Federal,340.5,506.3,L
19,F,Amarela,Privada,Privada,479.9,431.9,C
20,F,Preta,Privada,Municipal,510.3,906.2,F
18,F,Preta,Pública,Federal,595.6,802.8,H
21,M,Amarela,Pública,Municipal,564.1,386.7,H
24,M,Preta,Pública,Municipal,508.0,476.2,E
22,F,Indígena,Pública,Municipal,601.2,481.3,E
18,F,Branca,Pública,Municipal,501.3,517.4,J
17,F,Branca,Pública,Municipal,371.0,443.6,M
17,M,Branca,Pública,Estadual,349.2,509.1,C
23,F,Preta,Pública,Privada,627.9,750.7,G
24,M,Preta,Pública,Municipal,275.5,892.0,M
20,F,Parda,Pública,Estadual,479.9,368.3,F
19,F,Parda,Privada,Federal,798.2,443.8,A
20,F,Branca,Pública,Municipal,545.9,632.0,D
20,F,Indígena,Pública,Federal,479.1,363.0,F
20,F,Parda,Pública,Municipal,331.6,635.9,K
24,F,Parda,Privada,Estadual,661.7,681.0,F
20,M,Preta,Pública,Estadual,621.4,705.1,K
21,F,Indígena,Pública,Estadual,568.5,676.8,L
24,M,Branca,Pública,Privada,499.9,519.7,L
21,F,Parda,Pública,Federal,557.2,572.7,C
24,F,Indígena,Pública,Privada,485.1,423.1,F
23,M,Indígena,Privada,Municipal,402.7,669.7,L
18,F,Branca,Privada,Federal,595.6,840.5,J
17,M,Indígena,Pública,Estadual,494.9,669.3,F
20,M,Indígena,Pública,Federal,552.2,495.7,L
23,F,Indígena,Pública,Estadual,487.9,749.2,I
18,M,Parda,Pública,Privada,546.2,954.8,I
17,M,Branca,Pública,Privada,498.6,636.5,B
22,F,Indígena,Pública,Estadual,490.7,683.2,D
19,M,Indígena,Privada,Estadual,503.0,701.7,I
21,F,Parda,Privada,Municipal,796.1,359.3,M
22,F,Branca,Pública,Privada,580.2,538.3,D
24,F,Preta,Pública,Privada,758.6,522.9,H
17,F,Parda,Pública,Municipal,499.2,725.2,J
22,M,Branca,Pública,Privada,469.1,707.8,L
19,F,Indígena,Pública,Estadual,392.6,581.9,C
23,F,Branca,Pública,Federal,660.3,513.9,C
17,M,Branca,Privada,Federal,409.5,347.0,I
22,F,Branca,Privada,Privada,681.0,597.7,K
21,F,Preta,Pública,Municipal,398.4,456.8,J
21,M,Branca,Pública,Estadual,588.7,438.2,H
18,M,Preta,Pública,Federal,340.9,738.9,A
22,M,Indígena,Pública,Estadual,455.8,723.3,J
20,M,Preta,Pública,Privada,502.2,526.7,B
22,M,Indígena,Pública,Privada,440.3,364.6,C
23,M,Indígena,Pública,Federal,483.1,476.1,K
17,M,Preta,Pública,Privada,483.5,749.0,B
17,F,Parda,Privada,Municipal,580.7,670.2,C
23,M,Amarela,Pública,Privada,291.3,529.2,H
22,M,Branca,Pública,Privada,443.7,608.8,K
23,M,Amarela,Pública,Privada,625.5,288.8,K
19,F,Branca,Pública,Estadual,556.2,277.4,L
24,F,Branca,Pública,Estadual,627.1,896.6,F
23,M,Indígena,Privada,Federal,575.9,676.0,G
21,M,Branca,Privada,Federal,391.6,600.2,J
23,M,Branca,Pública,Federal,566.1,540.5,M
17,F,Preta,Pública,Privada,510.0,335.7,J
21,F,Amarela,Pública,Estadual,726.8,749.0,F
17,M,Preta,Pública,Municipal,580.2,429.5,A
18,F,Branca,Privada,Privada,552.3,705.6,K
20,M,Indígena,Pública,Privada,566.9,619.8,C
17,F,Preta,Pública,Privada,546.9,592.2,M
21,F,Preta,Pública,Municipal,544.2,404.6,A
18,M,Parda,Pública,Federal,473.4,406.6,L
17,M,Branca,Privada,Municipal,553.5,658.5,J
19,M,Indígena,Pública,Federal,594.8,611.9,L
23,M,Preta,Privada,Municipal,606.0,607.1,I
20,F,Preta,Pública,Estadual,593.9,642.9,M
17,F,Indígena,Privada,Privada,650.8,309.5,I
18,F,Branca,Pública,Privada,612.3,752.3,E
19,M,Parda,Pública,Privada,562.9,546.6,D
22,F,Preta,Privada,Federal,385.6,775.4,L
18,M,Parda,Pública,Municipal,385.7,298.8,I
23,F,Amarela,Pública,Estadual,475.2,685.4,I
18,M,Branca,Pública,Municipal,504.7,683.9,C
19,M,Amarela,Privada,Privada,639.8,377.1,E
18,F,Amarela,Pública,Estadual,222.0,504.1,C
19,M,Amarela,Privada,Estadual,396.7,441.1,J
17,M,Branca,Pública,Privada,480.6,729.5,B
24,F,Branca,Pública,Municipal,400.3,646.3,A
19,M,Indígena,Privada,Privada,420.2,839.8,L
19,M,Parda,Pública,Municipal,450.1,630.4,J
20,M,Parda,Privada,Estadual,405.4,709.8,B
19,F,Indígena,Privada,Estadual,422.8,775.8,H
19,F,Indígena,Pública,Privada,636.3,683.2,K
22,M,Amarela,Pública,Estadual,561.4,542.4,H
24,F,Indígena,Pública,Federal,576.4,514.5,C
17,M,Preta,Privada,Estadual,496.6,588.0,G
23,M,Parda,Privada,Federal,601.1,719.5,G
20,M,Indígena,Pública,Estadual,584.8,485.1,B
22,M,Preta,Pública,Privada,559.9,697.8,I
21,M,Preta,Pública,Privada,434.6,648.4,C
24,F,Preta,Privada,Federal,455.8,412.0,B
17,M,Preta,Pública,Privada,605.8,690.5,L
17,F,Amarela,Pública,Estadual,448.3,621.3,C
21,F,Preta,Pública,Estadual,371.1,517.4,B
23,M,Amarela,Privada,Privada,446.4,619.1,H
19,M,Amarela,Pública,Estadual,655.9,523.3,E
22,F,Preta,Pública,Municipal,446.5,637.2,C
18,F,Parda,Pública,Municipal,532.8,574.8,E
20,F,Preta,Pública,Estadual,438.4,370.5,K
18,M,Preta,Privada,Privada,576.3,579.3,K
21,F,Preta,Privada,Federal,553.7,533.6,H
17,M,Parda,Pública,Privada,350.9,695.3,G
23,M,Branca,Pública,Federal,526.8,732.0,F
17,M,Branca,Pública,Privada,331.7,523.6,M
20,F,Amarela,Pública,Estadual,444.6,481.6,A
17,M,Amarela,Privada,Municipal,498.9,348.0,J
17,M,Parda,Pública,Privada,684.7,477.9,A
20,M,Indígena,Pública,Federal,531.8,551.5,A
22,M,Branca,Pública,Municipal,423.3,399.1,J
22,M,Amarela,Pública,Federal,468.3,734.0,H
20,F,Branca,Pública,Estadual,592.4,639.3,H
23,M,Parda,Pública,Municipal,424.6,581.9,G
21,M,Parda,Pública,Federal,609.7,597.5,F
24,F,Indígena,Privada,Privada,447.7,645.9,D
17,M,Indígena,Pública,Estadual,408.5,695.0,A
23,F,Parda,Pública,Estadual,450.9,721.4,I
17,M,Amarela,Privada,Estadual,338.4,553.6,A
24,F,Branca,Pública,Privada,282.7,578.7,D
21,F,Preta,Privada,Privada,491.7,625.9,C
22,M,Indígena,Pública,Municipal,493.3,572.6,G
23,M,Preta,Pública,Privada,525.6,730.8,E
19,M,Amarela,Pública,Municipal,491.3,784.1,E
19,F,Indígena,Pública,Estadual,732.9,651.6,D
24,F,Preta,Pública,Municipal,516.8,463.8,A
19,F,Amarela,Privada,Federal,362.4,676.3,E
22,M,Branca,Pública,Estadual,388.0,657.6,D
24,F,Amarela,Pública,Estadual,500.0,451.2,J
22,F,Indígena,Pública,Municipal,456.5,657.4,M
21,M,Parda,Pública,Estadual,377.2,518.4,H
17,F,Branca,Pública,Privada,494.1,711.9,B
21,F,Preta,Pública,Federal,495.6,675.0,H
21,M,Indígena,Privada,Municipal,659.6,633.4,A
22,F,Parda,Privada,Municipal,408.4,605.8,M
24,M,Amarela,Pública,Estadual,458.2,280.0,D
24,M,Parda,Pública,Privada,659.3,417.9,C
19,M,Indígena,Privada,Estadual,532.9,580.4,E
18,M,Indígena,Privada,Estadual,407.8,827.9,M
17,M,Parda,Pública,Municipal,428.5,684.7,E
22,F,Amarela,Privada,Estadual,378.6,872.1,E
19,F,Parda,Pública,Federal,507.7,612.4,L
23,M,Indígena,Privada,Estadual,603.1,595.4,D
18,M,Indígena,Pública,Estadual,663.1,813.8,H
18,F,Preta,Pública,Municipal,351.4,576.1,C
22,M,Preta,Privada,Estadual,586.9,452.0,L
20,M,Branca,Pública,Privada,516.4,647.5,D
17,M,Indígena,Pública,Municipal,473.8,768.4,A
18,F,Preta,Pública,Estadual,458.3,476.1,G
22,F,Parda,Privada,Federal,307.9,688.4,A
22,M,Amarela,Privada,Federal,563.8,586.0,B
19,M,Parda,Privada,Municipal,368.1,667.7,K
23,F,Amarela,Pública,Municipal,425.2,647.0,G
20,F,Preta,Privada,Estadual,541.8,537.9,A
17,M,Branca,Pública,Privada,318.3,584.1,K
24,M,Parda,Pública,Estadual,367.9,547.0,C
21,F,Parda,Privada,Federal,621.9,617.8,M
23,F,Parda,Pública,Privada,512.2,473.1,F
23,F,Amarela,Pública,Privada,433.8,508.9,F
19,M,Preta,Pública,Privada,512.6,537.9,F
24,F,Parda,Pública,Estadual,566.9,658.8,K
18,M,Parda,Privada,Federal,612.5,387.7,M
18,F,Branca,Pública,Municipal,388.8,583.9,B
19,F,Branca,Privada,Estadual,397.5,493.8,B
22,F,Preta,Pública,Municipal,560.8,538.3,F
18,F,Preta,Pública,Privada,564.0,501.0,J
20,M,Indígena,Pública,Privada,365.6,629.2,E
17,M,Branca,Privada,Estadual,401.3,576.4,G
23,F,Indígena,Pública,Federal,480.6,706.7,G
23,M,Amarela,Privada,Privada,502.4,660.3,E
20,F,Indígena,Pública,Municipal,505.2,369.4,H
24,F,Parda,Pública,Municipal,364.1,456.0,J
18,F,Indígena,Pública,Estadual,504.2,574.0,F
23,F,Preta,Privada,Municipal,428.3,593.6,E
21,M,Amarela,Privada,Federal,383.4,469.2,D
24,F,Parda,Pública,Privada,498.9,795.6,G
17,F,Indígena,Pública,Municipal,488.7,729.7,D
17,M,Amarela,Pública,Municipal,580.2,353.3,E
23,F,Amarela,Privada,Privada,413.9,651.8,E
19,F,Parda,Pública,Estadual,523.5,593.1,A
24,F,Indígena,Privada,Municipal,343.1,786.6,A
23,M,Amarela,Privada,Estadual,472.5,364.5,C
19,F,Amarela,Pública,Estadual,546.4,909.0,K
23,M,Branca,Privada,Municipal,554.8,473.6,C
21,F,Amarela,Pública,Federal,555.5,656.8,B
24,F,Branca,Pública,Estadual,580.4,509.0,L
22,M,Indígena,Pública,Municipal,455.4,543.6,B
17,F,Indígena,Pública,Estadual,549.6,346.6,F
23,F,Indígena,Privada,Privada,686.9,779.5,M
21,M,Preta,Pública,Federal,453.3,559.6,A
19,M,Indígena,Pública,Federal,638.0,569.8,F
19,M,Amarela,Pública,Privada,587.6,946.9,E
17,M,Parda,Pública,Privada,473.4,743.9,F
20,M,Branca,Pública,Estadual,481.7,499.7,E
23,F,Preta,Pública,Privada,511.8,508.5,G
24,M,Indígena,Pública,Federal,582.0,639.0,A
18,F,Indígena,Privada,Privada,540.3,715.6,M
19,F,Parda,Privada,Municipal,452.5,862.9,C
24,F,Parda,Pública,Municipal,291.8,358.8,F
24,M,Preta,Privada,Estadual,567.2,709.1,A
22,M,Branca,Pública,Federal,306.8,733.2,M
24,F,Indígena,Pública,Municipal,363.4,481.6,K
24,M,Preta,Pública,Privada,459.8,546.0,K
22,M,Amarela,Pública,Municipal,378.6,355.5,G
19,M,Amarela,Pública,Municipal,531.8,524.9,D
24,M,Preta,Privada,Estadual,470.4,634.8,C
20,F,Indígena,Pública,Privada,578.5,839.1,J
20,F,Preta,Privada,Privada,339.2,853.0,I
21,M,Indígena,Pública,Privada,433.8,445.6,A
22,F,Parda,Privada,Estadual,500.4,818.7,H
21,M,Preta,Pública,Privada,504.3,307.6,A
22,M,Indígena,Pública,Privada,569.4,512.3,M
23,F,Preta,Pública,Municipal,408.5,554.7,E
23,F,Preta,Pública,Municipal,453.2,637.8,J
24,F,Indígena,Pública,Privada,550.7,616.0,H
18,M,Indígena,Privada,Federal,280.1,654.9,F
23,F,Branca,Pública,Federal,538.5,572.6,G
18,M,Preta,Privada,Privada,576.4,743.9,K
23,F,Amarela,Pública,Federal,366.6,703.8,H
17,F,Preta,Privada,Estadual,468.5,556.6,M
23,M,Preta,Pública,Municipal,649.3,726.4,F
21,M,Indígena,Pública,Estadual,566.0,910.3,K
19,M,Preta,Privada,Municipal,544.7,499.0,F
24,M,Preta,Pública,Federal,599.1,851.3,K
21,M,Amarela,Pública,Federal,680.5,512.5,F
19,M,Indígena,Pública,Privada,501.9,811.5,E
20,M,Preta,Pública,Federal,459.3,518.1,H
21,M,Parda,Pública,Federal,598.9,714.8,M
20,F,Branca,Privada,Privada,481.3,626.9,B
18,M,Amarela,Pública,Privada,407.2,332.2,G
18,M,Preta,Pública,Municipal,446.0,887.3,D
17,F,Parda,Pública,Federal,531.2,465.7,A
23,M,Preta,Pública,Municipal,455.0,409.6,M
21,F,Preta,Pública,Municipal,462.5,504.1,E
20,F,Indígena,Privada,Estadual,397.3,979.7,C
19,M,Indígena,Pública,Federal,643.5,411.9,D
18,F,Indígena,Privada,Federal,465.7,626.7,G
23,M,Parda,Pública,Estadual,428.8,431.5,E
18,F,Preta,Pública,Municipal,439.5,457.2,D
19,F,Branca,Pública,Federal,580.3,360.1,A
23,F,Amarela,Pública,Municipal,557.3,647.3,F
23,M,Indígena,Pública,Estadual,449.8,575.8,K
20,M,Indígena,Pública,Privada,503.2,430.3,J
20,F,Preta,Privada,Municipal,527.7,731.0,F
21,F,Preta,Pública,Federal,429.6,746.8,G
21,M,Parda,Privada,Privada,345.9,661.1,A
22,M,Parda,Pública,Municipal,551.5,775.6,D
24,F,Indígena,Privada,Municipal,435.1,547.6,L
22,F,Preta,Privada,Privada,544.0,648.4,I
17,M,Branca,Pública,Privada,532.1,548.2,L
18,M,Amarela,Privada,Privada,505.6,373.9,J
21,M,Preta,Pública,Federal,457.4,632.9,F
20,M,Preta,Privada,Federal,436.6,623.8,B
19,M,Parda,Pública,Municipal,386.2,595.5,D
20,F,Amarela,Pública,Municipal,438.5,656.1,F
18,M,Indígena,Privada,Estadual,556.9,811.8,D
22,F,Preta,Pública,Federal,639.8,569.3,J
20,M,Indígena,Pública,Municipal,625.1,456.4,G
24,F,Preta,Privada,Privada,514.5,562.8,L
17,M,Indígena,Pública,Privada,639.7,579.5,M
18,M,Amarela,Pública,Federal,469.3,747.5,C
22,F,Parda,Pública,Privada,370.9,616.0,F
24,F,Amarela,Pública,Estadual,692.1,427.8,M
19,M,Branca,Privada,Municipal,553.3,720.8,L
22,M,Parda,Pública,Municipal,346.5,696.8,D
23,M,Amarela,Pública,Municipal,655.9,616.1,C
24,M,Branca,Pública,Federal,425.7,742.2,L
24,M,Preta,Privada,Privada,447.4,767.3,C
17,F,Preta,Pública,Estadual,602.1,543.4,B
18,F,Indígena,Pública,Federal,636.2,465.0,K
19,M,Parda,Privada,Municipal,399.9,598.2,C
17,F,Preta,Pública,Estadual,647.1,680.5,M
22,F,Parda,Pública,Municipal,587.4,584.2,L
17,F,Preta,Pública,Municipal,420.0,451.7,J
24,M,Indígena,Pública,Federal,475.4,624.4,A
18,F,Amarela,Pública,Municipal,651.6,295.0,C
21,M,Indígena,Pública,Estadual,343.9,551.3,I
17,F,Branca,Privada,Municipal,638.1,727.7,D
23,M,Preta,Pública,Privada,584.6,735.8,C
17,F,Branca,Privada,Municipal,550.9,36.0,H
22,M,Branca,Pública,Federal,513.2,571.1,A
22,M,Parda,Privada,Estadual,697.0,689.9,E
19,F,Preta,Privada,Federal,711.8,423.6,A
22,M,Branca,Pública,Privada,438.5,544.2,G
20,M,Amarela,Pública,Municipal,561.2,781.2,E
18,M,Branca,Pública,Federal,687.4,527.4,B
18,M,Amarela,Privada,Federal,421.5,839.8,L
21,M,Parda,Privada,Federal,524.3,488.8,A
21,M,Branca,Pública,Federal,600.4,811.5,K
18,M,Indígena,Pública,Privada,298.5,605.0,G
23,M,Parda,Pública,Privada,582.9,468.3,L
21,F,Amarela,Privada,Municipal,391.2,812.0,A
19,F,Parda,Pública,Municipal,519.2,419.0,C
22,M,Branca,Pública,Estadual,614.4,480.6,K
18,M,Preta,Pública,Privada,261.1,673.5,F
24,F,Preta,Pública,Federal,578.6,612.1,F
21,F,Amarela,Privada,Federal,703.8,641.1,G
18,F,Amarela,Pública,Estadual,446.7,544.8,K
20,M,Preta,Pública,Federal,557.7,420.1,K
17,F,Amarela,Pública,Estadual,633.5,502.2,A
22,M,Parda,Pública,Municipal,340.7,798.1,G
18,M,Indígena,Pública,Privada,575.7,399.5,B
17,F,Indígena,Privada,Estadual,602.4,846.7,F
21,M,Parda,Privada,Federal,563.9,647.4,M
17,M,Indígena,Pública,Estadual,508.7,510.5,H
22,M,Branca,Pública,Municipal,400.0,299.7,M
18,M,Parda,Privada,Federal,639.1,319.4,E
20,F,Amarela,Pública,Municipal,503.5,546.6,J
23,F,Parda,Pública,Municipal,409.6,528.4,C
21,M,Preta,Privada,Estadual,468.2,617.7,K
18,M,Amarela,Privada,Municipal,536.8,857.9,H
22,F,Preta,Privada,Federal,343.9,680.6,H
21,M,Amarela,Privada,Municipal,501.8,580.7,D
19,F,Indígena,Privada,Municipal,458.3,782.5,H
17,M,Parda,Pública,Estadual,633.6,622.6,E
23,M,Branca,Pública,Municipal,312.5,840.0,M
22,F,Amarela,Pública,Privada,593.9,499.2,K
19,F,Amarela,Pública,Estadual,641.7,427.8,E
24,F,Preta,Pública,Estadual,316.3,300.0,C
18,F,Indígena,Pública,Federal,328.3,584.2,G
20,M,Preta,Pública,Federal,678.6,414.8,K
21,F,Preta,Pública,Federal,409.6,412.7,K
17,M,Indígena,Pública,Federal,809.5,755.1,I
21,F,Branca,Pública,Privada,319.4,341.7,I
23,F,Preta,Pública,Estadual,517.0,615.5,A
18,M,Preta,Privada,Municipal,497.7,587.5,A
21,F,Amarela,Pública,Federal,479.2,613.8,J
17,F,Indígena,Pública,Federal,546.3,807.6,L
18,F,Parda,Privada,Federal,552.1,476.1,L
21,F,Branca,Pública,Municipal,483.2,807.7,K
20,M,Branca,Pública,Federal,398.6,336.0,E
22,M,Indígena,Pública,Municipal,604.8,697.6,A
18,F,Amarela,Pública,Estadual,562.8,821.5,D
22,F,Amarela,Privada,Estadual,511.5,0.0,L
24,F,Indígena,Pública,Estadual,559.6,594.7,A
18,M,Amarela,Pública,Privada,576.9,582.5,B
20,M,Branca,Pública,Municipal,423.8,610.8,B
22,M,Branca,Pública,Federal,556.1,856.7,D
19,M,Parda,Pública,Federal,444.7,485.5,H
17,F,Indígena,Pública,Federal,580.2,422.3,B
19,F,Preta,Pública,Federal,480.8,611.9,I
21,F,Preta,Pública,Privada,561.2,768.6,L
20,M,Parda,Pública,Federal,456.6,683.8,I
19,F,Parda,Pública,Privada,566.4,605.1,B
18,M,Amarela,Pública,Municipal,402.1,565.6,A
21,M,Parda,Privada,Estadual,503.6,299.0,J
21,F,Parda,Pública,Federal,598.1,687.9,J
19,F,Preta,Pública,Estadual,546.7,705.8,I
24,F,Amarela,Pública,Municipal,519.2,496.1,B
19,M,Parda,Pública,Municipal,680.4,530.3,H
24,M,Parda,Privada,Federal,602.4,442.8,C
20,F,Amarela,Pública,Municipal,585.6,730.2,A
17,F,Indígena,Privada,Estadual,565.8,545.1,K
19,M,Amarela,Pública,Federal,578.3,577.6,A
23,F,Preta,Privada,Privada,665.7,694.4,J
24,M,Indígena,Pública,Federal,458.2,649.0,B
19,M,Branca,Privada,Estadual,600.9,684.5,G
22,F,Amarela,Pública,Federal,535.6,626.2,L
18,F,Preta,Pública,Federal,461.7,629.6,F
23,F,Indígena,Pública,Estadual,490.0,628.1,L
23,F,Amarela,Pública,Federal,521.9,667.9,K
24,M,Parda,Privada,Federal,414.0,675.2,B
22,M,Amarela,Pública,Estadual,586.4,416.3,D
22,M,Branca,Pública,Municipal,489.7,510.4,B
21,F,Amarela,Pública,Estadual,508.5,569.5,A
24,M,Indígena,Pública,Federal,635.7,667.8,L
17,F,Indígena,Pública,Privada,513.0,839.6,C
18,F,Amarela,Pública,Privada,655.3,478.0,D
20,F,Indígena,Pública,Estadual,447.5,731.8,J
23,F,Parda,Privada,Privada,390.3,514.7,E
20,F,Amarela,Pública,Federal,471.0,805.6,E
19,F,Parda,Pública,Federal,218.5,886.9,G
19,M,Parda,Privada,Estadual,590.6,337.8,J
20,F,Preta,Pública,Federal,396.1,551.0,H
19,M,Amarela,Pública,Municipal,438.2,247.5,I
17,M,Indígena,Pública,Federal,571.6,346.5,L
22,F,Parda,Pública,Estadual,511.9,355.9,G
19,F,Preta,Pública,Municipal,455.9,693.6,E
21,F,Amarela,Privada,Municipal,296.3,665.5,I
19,M,Amarela,Pública,Privada,630.1,720.2,H
18,F,Branca,Pública,Federal,572.3,691.2,J
17,M,Branca,Privada,Estadual,705.6,672.8,I
18,F,Parda,Privada,Privada,440.4,616.8,J
18,F,Branca,Pública,Privada,354.6,580.4,H
21,M,Parda,Pública,Federal,599.5,752.9,F
17,M,Indígena,Pública,Federal,481.2,601.8,D
17,F,Parda,Privada,Estadual,562.8,678.8,I
24,M,Branca,Privada,Privada,662.0,250.5,L
17,M,Indígena,Pública,Estadual,538.8,423.7,I
17,M,Branca,Pública,Privada,516.7,747.0,J
17,M,Parda,Pública,Privada,523.0,499.7,J
21,M,Preta,Privada,Privada,336.3,390.7,I
19,F,Amarela,Pública,Federal,610.8,696.2,J
24,F,Branca,Pública,Privada,617.2,600.2,C
18,M,Parda,Privada,Privada,553.1,539.0,K
17,F,Indígena,Pública,Privada,348.5,826.4,L
23,F,Branca,Pública,Municipal,487.9,800.6,C
19,M,Branca,Pública,Federal,643.9,571.8,K
19,F,Amarela,Pública,Municipal,443.4,708.4,F
18,M,Parda,Pública,Federal,618.4,264.2,F
21,M,Preta,Pública,Estadual,505.5,764.0,M
20,F,Indígena,Pública,Municipal,571.3,437.0,M
20,M,Parda,Privada,Estadual,458.8,382.2,F
19,M,Indígena,Pública,Privada,508.4,332.2,E
22,M,Branca,Pública,Estadual,543.7,320.6,E
22,M,Amarela,Pública,Estadual,391.7,762.0,B
18,M,Amarela,Privada,Estadual,527.4,694.7,G
20,F,Preta,Privada,Estadual,231.1,485.1,L
19,F,Amarela,Pública,Federal,439.8,728.2,D
21,M,Branca,Pública,Municipal,554.4,510.8,C
20,M,Preta,Pública,Federal,612.0,648.5,H
19,F,Parda,Pública,Federal,547.3,527.7,D
19,M,Amarela,Pública,Federal,361.0,582.0,K
17,F,Preta,Privada,Estadual,603.3,463.8,D
21,M,Branca,Privada,Federal,386.1,486.0,H
17,M,Indígena,Pública,Municipal,561.4,681.6,A
18,M,Indígena,Privada,Federal,389.4,705.7,I
17,M,Branca,Privada,Privada,422.7,537.9,G
23,M,Branca,Pública,Estadual,404.4,371.2,L
17,M,Indígena,Pública,Privada,513.9,970.7,B
